{"test_loss": [-2.0671558305757856, -2.1096793800319005, -2.240294320867696, -2.2537040863562066, -2.3833779461886904, -2.3025134134730068, -2.3891343243625185, -2.452591073184932, -2.3693254938913046, -2.494435638900197, -2.38536140284407, -2.542743952339942, -2.44359615877134, -2.4072920821128636, -2.3268554495015277, -2.4984070406047576, -2.53873959375084, -2.51839684652626, -2.422591755368294, -2.2698862713411314, -2.4145669547789685, -2.45330630267432], "train_loss": [-1.5768555969546694, -2.1191838852856137, -2.295497312020818, -2.3418387959856504, -2.4116603243241617, -2.3952039018683475, -2.452848045979071, -2.464593568854376, -2.4526336263079163, -2.5008425336365305, -2.464645381367535, -2.466975838547453, -2.5121943061140333, -2.498180455024089, -2.5249712475942907, -2.530721451383118, -2.5343789892459134, -2.54541103818001, -2.555144295123739, -2.542823593332133, -2.5642114626158268, -2.5541774811001]}