{"test_loss": [8.911942855171535, 1.3736461141835088, 20.62059618079144, 10.251142418902853, 1.3209875355596128, 6.904670383619226, 4.174561210300611, 9.527905008067256, 4.184564673382303, 6.908637005349864, 20.942374851392664, 43.76774530825408, 1.0566389664359714, 9.321720289147418, 16.022097380264945, 0.9082527160644531, 0.5729199285092561, 8.572936348293139, 9.270623911981998, 14.001357368800951, 5.091095965841542, 3.7075513756793477, 5.208896802819294, 2.758317366890285, -0.6138943381931471, 33.07468845533288, 7.943560392960258, -0.9314070162565812, 19.06554645040761, 3.221651823624321, 24.236068062160324, 9243.798363095239, 49.10912555197011, 8.119150576384172, -1.5333754498025645, 30.393979279891305, 11.934557043987772, -1.0888471188752546, -1.1358266913372537, 19.990063211192254, -0.9315853948178499, -1.4237010789954143, -1.2149211220119311, 4.74589671259341, -1.1283100791599439, -1.252178606779679, 12.279728101647418, 3.749087789784307, 6.9748687744140625, -1.4351839811905571], "train_mse": [14.032389322916666, 15.698482568713201, 13.636140242866848, 5.3387953716775645, 3.6884010978367017, 30.225953917572465, 34.77121723562047, 5.088816103727921, 8.717942832172781, 9.776837777400363, 19.025847504104394, 13.272576926411062, 14.734077343042346, 4.865868513134942, 1.428072528562684, 7.361901435299196, 4.473218503205673, 35.6445290385813, 10.067637899647588, 1.0083704409391985, 7.491611204285553, 30.387585626132246, 11.817607492640398, 22.353720402372055, 19.478861490885418, 7.452911929807801, 11.221694504005322, 0.3121110529139422, 122.06390992343316, 19.997113656306613, 2.872601540192314, 1.0649966848069343, 18.079365605893344, 7.9443380383477695, 20.34844882246377, 23.677688819774684, 2.5395907526430874, 4.2064091571863145, 4.384580363398013, 41.83610733695652, 18.81536422950634, 4.756907919178838, 12.707010020380435, 15.867351144984148, 5.6775680210279384, 12.445099982662477, 9.017517974411232, 3.5247867971226787, 3.918019059775532, 7.842207535453465], "train_gmm": [1.277656886888587, 1.2488235252490942, 1.2319766334865405, 1.209409741387851, 1.1814625505088032, 1.161573658818784, 1.1386019665261973, 1.09938577292622, 1.0695011581199756, 1.033897206403207, 0.9767304572506227, 0.9387311520783798, 0.9203243532042572, 0.8859804955081664, 0.8433304385862489, 0.7553905542346014, 0.6241846499235734, 0.3582416271817857, -0.017700350802877674, -0.4908720237621363, -0.8199770277824955, -0.1332315534785174, -1.0445598104725713, -0.8684861003488734, -1.0581923498623613, -0.9122725777004076, -1.0317132092904353, -0.8723816249681555, 1.055632582400858, -1.088720266369806, -1.141650738923446, -1.3083757317584495, -1.0866097989289656, -1.2389948471732761, -1.0393988844277202, -0.9411468782286713, -1.318359789641007, -1.4248956320942312, -1.4665563279303953, -1.007986345152924, -1.2178316254546677, -0.9103595623071643, -1.2822417936463286, -1.24607379194619, -1.275510235109191, -1.3533881367116734, -0.8873696534529977, -1.2024697289950605, -1.3497656393742217, -1.211014733798262], "test_gmm": [1.2551585487697436, 1.233805283256199, 1.2191200256347656, 1.1927139448082966, 1.161018122797427, 1.1408419401749321, 1.1166793159816577, 1.0833793308423914, 1.0506183790123982, 0.9951740762461787, 0.9441612907077955, 0.9307557810907778, 0.9049796228823455, 0.8356889641803243, 0.7752476567807405, 0.6768823291944421, 0.48532842553180194, 0.10551788495934528, -0.36223519366720447, -0.9077771228292714, -0.5888926879219387, -1.309712036796238, -1.040817343670389, -1.1402067930802056, -0.8338190990945568, -0.8835312387217646, -1.134239445561948, -1.1460425335427988, -1.074079596478006, -1.1327032835587212, -0.9968885338824728, 192.6733630952381, -0.7522590471350629, -1.110142998073412, -1.6998893074367358, -0.7664889460024626, -1.2559068928594175, -1.203436975893767, -1.2289170804231062, -1.495893561321756, -1.0523699884829314, -1.5271093949027683, -1.3711763464886209, -1.4198683033818784, -1.3024108720862346, -1.346595100734545, -1.2346092721690303, -1.2529475170633066, -1.4091632677161174, -1.5037128614342732], "train_loss": [15.310046209805254, 16.947305872820426, 14.86811718042346, 6.548205057779948, 4.869863537774569, 31.38752724467844, 35.9098192297894, 6.188201904296875, 9.787443741508152, 10.81073528787364, 20.00257762964221, 14.211307802062104, 15.654401696246603, 5.751849077749943, 2.271402939506199, 8.117291878962863, 5.097403153129246, 36.00277002306952, 10.049937704335088, 0.5174984171770621, 6.671634176503057, 30.254353841145832, 10.77304762688236, 21.48523435730865, 18.42066889223845, 6.540639352107394, 10.189981432928555, -0.5602705720542134, 123.11954443087605, 18.908393749292348, 1.7309508392776267, -0.24337904004083163, 16.99275539232337, 6.70534316353176, 19.309050186820652, 22.736542190330617, 1.2212309630020806, 2.7815137116805366, 2.9180240354676177, 40.82812146173007, 17.597532410552535, 3.8465483845144077, 11.424768420233242, 14.62127729775249, 4.402057785918747, 11.091711956521738, 8.130148403886436, 2.3223170404848843, 2.568253503329512, 6.63119285694067], "test_mse": [7.6567840576171875, 0.1398408205612846, 19.401475989300273, 9.058428557022758, 0.15996937129808508, 5.763828443444294, 3.0578818943189536, 8.444525677224863, 3.133946294369905, 5.913462763247282, 19.998214058254074, 42.83698836616848, 0.15165932282157565, 8.4860315737517, 15.246850055197012, 0.2313704076020614, 0.08759150297745415, 8.467418504797894, 9.632858939792799, 14.909134574558424, 5.679988695227581, 5.017263329547385, 6.249714063561481, 3.8985240770422895, 0.21992476090140964, 33.95822010869565, 9.077799921450408, 0.2146354965541674, 20.13962588102921, 4.354355190111243, 25.232957922894023, 9051.125, 49.861386506453805, 9.229293823242188, 0.16651383690212085, 31.160469386888586, 13.190464185631793, 0.11458983628646187, 0.09309035798777705, 21.48595660665761, 0.12078457293303116, 0.10340830554132877, 0.15625522447668988, 6.165764850118886, 0.17410077219424042, 0.09441651468691618, 13.51433795431386, 5.002035389775815, 8.384031876273777, 0.06852895798890488]}