{"test_loss": [4.76831595102946, 6.006228764851888, 6.160849889119466, 2.543214480082194, 6.943889617919922, 4.944425264994304, 3.78145440419515, 6.547665913899739, 4.39955202738444, 3.726402918497721, 7.2249399820963545, 6.206342061360677, 1.844338099161784, 4.9033457438151045, 6.442059834798177, 3.245833079020182, 6.834229787190755, 5.259249369303386, 3.45827579498291, 6.651822408040364, 4.718475977579753, 3.540548006693522, 7.0051320393880205, 3.710094134012858, 4.803582509358724, 7.359636306762695, 6.30967648824056, 1.5715630849202473, 5.1408999760945635, 5.922074635823567, 4.276596387227376, 6.29690424601237, 5.845343907674153, 3.6788304646809897, 5.629385630289714, 5.377429326375325, 2.7810627619425454, 6.902748107910156, 3.7549521128336587, 4.704710324605306, 8.451610565185547, 6.356744130452474, 2.126965363820394, 4.828503608703613, 6.1480147043863935, 3.6334060033162436, 6.078013737996419, 6.367922465006511, 3.4303665161132812, 5.566067377726237, 5.728965123494466, 2.65641180674235, 6.61256217956543, 3.7338294982910156, 5.397957483927409, 7.341747283935547, 6.191434224446614, 2.9054479598999023, 4.875415484110515, 5.758126576741536, 4.3926575978597, 5.022602081298828, 6.812753677368164, 3.6820033391316733, 5.664484024047852, 5.609880447387695, 2.6946818033854165, 5.737642288208008, 4.819199244181315, 4.907726923624675, 7.488933563232422, 5.3568878173828125, 4.983061154683431, 4.610304832458496, 5.685373306274414, 4.448779106140137, 5.0283857981363935, 6.593051910400391, 4.493667284647624, 3.0443906784057617, 7.148859024047852, 2.562028090159098, 5.108248710632324, 5.344098409016927, 4.865963935852051, 6.932339986165364, 5.723787943522136, 5.167788187662761, 4.541145324707031, 5.551907221476237, 4.25104300181071, 5.73264757792155, 6.636290232340495, 4.004133542378743, 3.403988838195801, 6.616574605305989, 3.817986806233724, 4.355813662211101, 5.532578150431315, 5.422906239827474, 6.21073849995931, 5.981781641642253, 5.28544553120931, 3.6946210861206055, 5.858072916666667, 4.049151102701823, 6.14254633585612, 6.197617212931315, 4.115662256876628, 2.65275510152181, 7.125952402750651, 4.271247863769531, 2.773791948954264, 6.472910563151042, 5.329682032267253, 4.245389938354492, 6.902405420939128, 5.397209803263347, 3.7832164764404297, 5.618268966674805, 3.882867177327474, 6.163259506225586, 5.162195523579915, 5.301679611206055, 3.241663614908854, 6.684582392374675, 4.906875292460124, 2.7940193812052407, 7.105562210083008], "train_loss": [5.327607622428283, 5.602434847778056, 5.004588342623364, 4.475356101989746, 5.416626992746561, 5.10150941212972, 5.111866917763623, 5.331286825974394, 4.866965293884277, 5.286070890608689, 5.292325663770366, 4.548882283321043, 4.760013163988846, 5.550576094843915, 5.202569007873535, 4.811671421627286, 5.1800138382684615, 4.92781416575114, 5.316357529183808, 5.068672074931587, 4.455781594158987, 5.547833392494603, 4.959158579508464, 5.092177695021432, 5.077309043662062, 5.01459280649821, 5.195079294840495, 5.402114635672489, 4.797996117452169, 4.6449503447501455, 5.170523845117928, 5.305976867675781, 5.099648112876742, 5.2768181531069684, 4.025342305501302, 5.215611187195004, 5.31287097391238, 4.514205668522761, 5.024873331252135, 5.389848770969713, 5.161598446735683, 4.987870933643104, 4.930143674214681, 5.054392957318372, 5.448385989838187, 5.081225553875722, 4.2441005238062495, 5.362045192417835, 5.12913703918457, 5.035128377278646, 5.31686829962698, 4.738022168477376, 5.2202963894360686, 5.455948606714025, 4.637815868536335, 4.755767622172919, 5.475453318751811, 5.015432061249809, 5.034635893879076, 5.002747473457368, 5.109023512371659, 5.496342925858765, 4.94627975195938, 4.4118906656901045, 5.378182285899398, 5.063150723775228, 5.009250042917038, 5.237454743122776, 4.893338521321614, 5.271335358945479, 5.2727171202404985, 4.582313003120841, 4.712670938927127, 5.5445949134052865, 5.0540497541659315, 4.862095647879435, 5.177622750699439, 5.1171213785807295, 5.331015223897559, 5.007553200211562, 4.4652133612626566, 5.541653598807234, 4.936654408772786, 5.121818988789729, 5.10290961795383, 4.940109888712565, 5.160907267174886, 5.423299899644683, 4.743385988962571, 4.7057143602724425, 5.152256158158953, 5.315861066182454, 5.056429495073263, 5.258230751321074, 4.219434102376302, 5.161351954895445, 5.369695821359007, 4.518681056682881, 5.061564380630742, 5.328285307936279, 5.124959128923928, 4.96420496153268, 4.997118314107259, 4.94015261797401, 5.458682176922896, 5.052662468064121, 4.223438084163654, 5.423932476343857, 5.210604031880696, 4.9264469071678265, 5.282383045206871, 4.819858233133952, 5.1760639145376315, 5.5046432499249, 4.597345419758425, 4.73969758302188, 5.490700675116645, 5.054787057818788, 4.961391101223044, 5.056755036674123, 5.152501254296021, 5.444459861786768, 4.979613577992713, 4.490168571472168, 5.269390514463087, 5.120500564575195, 4.9577452014021235, 5.25233539564785, 4.940925280253093], "test_mse": [4.767269452412923, 6.005286534627278, 6.159838994344075, 2.5423995653788247, 6.942951202392578, 4.943523406982422, 3.7804063161214194, 6.546691258748372, 4.398818333943685, 3.7255427042643228, 7.224175771077474, 6.205475489298503, 1.8432966868082683, 4.902531623840332, 6.44089953104655, 3.2450949350992837, 6.833457310994466, 5.258394877115886, 3.457525889078776, 6.651053110758464, 4.717639605204265, 3.5396203994750977, 7.004208882649739, 3.7094265619913735, 4.802798271179199, 7.358872731526692, 6.308877944946289, 1.5706127484639485, 5.140119234720866, 5.9209855397542315, 4.275745709737142, 6.296151479085286, 5.844516754150391, 3.6780792872111, 5.628702163696289, 5.376576741536458, 2.7801345189412436, 6.90180778503418, 3.754279136657715, 4.703993479410808, 8.4507204691569, 6.3559919993082685, 2.1260854403177896, 4.827751159667969, 6.146952311197917, 3.632500648498535, 6.0772705078125, 6.367088953653972, 3.4296493530273438, 5.565367380777995, 5.7281036376953125, 2.6555252075195312, 6.611644744873047, 3.733138084411621, 5.397233963012695, 7.3408857981363935, 6.190711339314778, 2.9045578638712564, 4.874650001525879, 5.757045745849609, 4.3917388916015625, 5.021867116292317, 6.811957041422526, 3.6812639236450195, 5.663791656494141, 5.609018325805664, 2.6937999725341797, 5.73674201965332, 4.818472862243652, 4.907027880350749, 7.4880930582682295, 5.356204350789388, 4.982119878133138, 4.6094411214192705, 5.684473037719727, 4.447756131490071, 5.027612050374349, 6.592263539632161, 4.492898305257161, 3.043711026509603, 7.148024241129558, 2.5611653327941895, 5.107356707255046, 5.343331654866536, 4.865263303120931, 6.931562423706055, 5.723050435384114, 5.1668961842854815, 4.540256500244141, 5.551034927368164, 4.2500152587890625, 5.731832504272461, 6.635517120361328, 4.003368695576985, 3.403299331665039, 6.615711847941081, 3.817145665486654, 4.354935010274251, 5.531824111938477, 5.422163645426433, 6.209982554117839, 5.981016794840495, 5.284617741902669, 3.6937360763549805, 5.85719108581543, 4.048128128051758, 6.1416975657145185, 6.196887969970703, 4.114772796630859, 2.6521191596984863, 7.125088373819987, 4.270437240600586, 2.7729082107543945, 6.472151438395183, 5.328912099202474, 4.244630495707194, 6.901683171590169, 5.396359125773112, 3.782283147176107, 5.617423375447591, 3.881824493408203, 6.16241455078125, 5.16148567199707, 5.30075740814209, 3.241016070048014, 6.683752059936523, 4.90605099995931, 2.7931369145711265, 7.1047414143880205],