{"test_loss": [1081.81748046875], "train_loss": [44.700314891581634], "train_gmm": [-6.8284202108577805], "test_mse": [1340.51435546875], "test_gmm": [-258.6968505859375], "train_mse": [51.528733856823976]}