{"test_mse": [4.727543830871582, 5.942933400472005, 6.13776969909668, 2.5407662391662598, 7.00300661722819, 4.970485369364421, 3.786231358846029, 6.55555788675944, 4.4952239990234375, 3.8000332514444985, 7.254500071207683, 6.225340525309245, 1.8279719352722168, 4.914138158162435, 6.527708689371745, 3.3010994593302407, 6.870883305867513, 5.275588353474935, 3.477759043375651, 6.6011199951171875, 4.717661539713542, 3.517842928568522, 7.023539861043294, 3.721534093221029, 4.848336537679036, 7.384909947713216, 6.3428192138671875, 1.5468098322550456, 5.126319249471028, 5.943589528401692, 4.3449281056722, 6.33718744913737, 5.853385925292969, 3.6972827911376953, 5.628299713134766, 5.377503712972005, 2.776491165161133, 6.904459635416667, 3.7622550328572593, 4.744161605834961, 8.48416264851888, 6.388619105021159, 2.109341780344645, 4.812872886657715, 6.160268783569336, 3.6959203084309897, 6.135691960652669, 6.378882090250651, 3.4519729614257812, 5.568955739339192, 5.717128753662109, 2.6628406842549643, 6.60621706644694, 3.7390658060709634, 5.4403432210286455, 7.368417104085286, 6.215417861938477, 2.8987499872843423, 4.863199551900228, 5.756750106811523, 4.4589792887369795, 5.082368850708008, 6.818672180175781, 3.7130759557088218, 5.662300109863281, 5.598927815755208, 2.704298973083496, 5.747215906778972, 4.818115234375, 4.94790522257487, 7.518882115681966, 5.39413579305013, 4.955325126647949, 4.594446182250977, 5.6780440012613935, 4.516410827636719, 5.0921783447265625, 6.589209874471028, 4.51718012491862, 3.03584353129069, 7.148597717285156, 2.5742990175882974, 5.092755953470866, 5.353654861450195, 4.899350802103679, 6.948982238769531, 5.767768224080403, 5.146705627441406, 4.5176347096761065, 5.541893005371094, 4.307775179545085, 5.797112782796224, 6.629662831624349, 4.039410909016927, 3.395302136739095, 6.619836171468099, 3.8249807357788086, 4.336617787679036, 5.543458938598633, 5.464669545491536, 6.2281138102213545, 6.036566416422526, 5.2583967844645185, 3.6747382481892905, 5.84561030069987, 4.102514584859212, 6.2049134572347, 6.192878087361653, 4.148732821146647, 2.654322783152262, 7.120903015136719, 4.287919362386067, 2.7666711807250977, 6.474915186564128, 5.371042887369792, 4.275768597920735, 6.954227447509766, 5.370312372843425, 3.762561480204264, 5.60970942179362, 3.921809196472168, 6.2148176829020185, 5.171568234761556, 5.335366566975911, 3.2336740493774414, 6.685317357381185, 4.913362820943196, 2.786349296569824, 7.093817392985026], "train_mse": [5.5808066863047925, 5.633061115875905, 5.024468965171707, 4.465998649597168, 5.462249046347054, 5.175458908081055, 5.110648506892125, 5.332781028954822, 4.908483823140462, 5.304146869452164, 5.292763269864596, 4.5645198656883075, 4.7789759733239, 5.5828637938568555, 5.218274434407552, 4.822135870247972, 5.1796671372002825, 4.914163907368978, 5.310757900933799, 5.076329674906965, 4.452546674923925, 5.557563614426997, 4.972523371378581, 5.100473568677322, 5.083703268435909, 5.0126447677612305, 5.198663559501052, 5.40036058107247, 4.798824256841788, 4.65561307316293, 5.180777830202737, 5.317147572835286, 5.099302785536822, 5.2838391064957655, 4.029305458068848, 5.221965334056753, 5.31879946421626, 4.51670101361397, 5.029569415180876, 5.40472561499976, 5.16322020960999, 4.992991614595581, 4.9292300542195635, 5.059558378040841, 5.445972074309562, 5.082551591392242, 4.2504648468219495, 5.3705355834742265, 5.144907633463542, 5.035992626614041, 5.325326874921111, 4.729344367980957, 5.229618986991987, 5.45888596902162, 4.638534749538391, 4.763186807068224, 5.487342098366625, 5.012676810436315, 5.042764046675975, 5.00729795639485, 5.105531945650486, 5.4935822175755185, 4.9484236156659085, 4.416158358256022, 5.3875347579040955, 5.076162974039714, 5.007971160576991, 5.245428447966527, 4.8916982014973955, 5.277426191914967, 5.271470739855493, 4.585486324715527, 4.723938274636957, 5.557043681893968, 5.052911984252435, 4.872023023334093, 5.179831651882484, 5.115634600321452, 5.332743517937838, 5.01579711638753, 4.464733987157602, 5.549595521691386, 4.952427864074707, 5.122181137080374, 5.10865966275207, 4.9388001759847, 5.164702310222114, 5.418698048068598, 4.743122617903047, 4.714625679581253, 5.161873372622494, 5.32540225982666, 5.058184848503421, 5.261078880930036, 4.22266419728597, 5.167994597786119, 5.374631590832812, 4.520412738506611, 5.068216494323834, 5.341897586560357, 5.126550782783499, 4.970521727647188, 4.996540705362956, 4.945859361885593, 5.455958614795347, 5.053888257452141, 4.2297232115947505, 5.4322788399517625, 5.222616513570149, 4.928172926878648, 5.289709658739043, 4.812038421630859, 5.186710395953194, 5.50614182735374, 4.598900307230383, 4.745064734038823, 5.503857673766121, 5.0526652865939665, 4.968089381424335, 5.060166101168666, 5.147645762580007, 5.442344479763623, 4.981297235089807, 4.497027397155762, 5.277748907423073, 5.135350863138835, 4.954983381027692, 5.260353286544998, 4.937495867411296], "train_gmm": [0.00151696079128989, 0.001411303293234084, 0.0012143588479300263, 0.001220333157107234, 0.001179184267657394, 0.0011181468920161326, 0.0010996120788705826, 0.0010535659992607414, 0.0009922015015035868, 0.001039406148068574, 0.0009406119322356506, 0.0009000917650982691, 0.0009882345424314393, 0.0009791568879955921, 0.0009556727794309458, 0.0009588787641589218, 0.0008855297498570141, 0.00095317792147398, 0.0008998675821130705, 0.0008796400471733295, 0.0009032527136728696, 0.0009334601028904058, 0.0008989329605052868, 0.0009204620691446855, 0.0008935250892949882, 0.0008671435061842203, 0.0009294067729423021, 0.0008509248148812248, 0.0008470343091570609, 0.0009062790678720181, 0.0009023822795426894, 0.0008804091097166141, 0.0009300739706574786, 0.0008531174623975815, 0.0008477033115923405, 0.0008809432912079458, 0.0008528588203664611, 0.0008514413729501076, 0.0009028374092933132, 0.0008856910669682075, 0.0008785273438499033, 0.0008975268559494274, 0.0008405659658213457, 0.0009096561234116588, 0.000850894100723941, 0.0008362991165043865, 0.0008773523162482347, 0.0008799506357491152, 0.0008818061711887518, 0.0008882005336797899, 0.0008746875686330252, 0.0008511523871372143, 0.0008821438224008094, 0.0008573351494435753, 0.0008313533928636104, 0.0008747482466045096, 0.0009072885083693289, 0.0008616641577061833, 0.0009169522514530133, 0.0008339071033893977, 0.0008974417987858497, 0.0008547056702540492, 0.0008197715126619249, 0.000896944897249341, 0.0008867643375438085, 0.0008648027045031389, 0.0008956053818903021, 0.000873603955745305, 0.0008465839394678673, 0.0009056222366146507, 0.000843767909389916, 0.0008209016841014117, 0.000889766382112338, 0.0009005334274942022, 0.0008669666349565038, 0.000909255635351395, 0.0008315339579773183, 0.0008961114411552747, 0.0008505300375869682, 0.0008390336489679939, 0.0008711582508745051, 0.0009009465926780416, 0.0008693799997369448, 0.000893432245502175, 0.0008692358437384296, 0.0008496533458431562, 0.000910432589460158, 0.0008327545845555217, 0.0008305559010885295, 0.0008927794603837861, 0.0008848747029619439, 0.000871098522717754, 0.0009171257969745366, 0.0008421653601102206, 0.0008468397427350283, 0.0008688856091493098, 0.0008523362888579211, 0.0008435242439214235, 0.0008969068609150844, 0.0008788055736707929, 0.0008755965334492342, 0.0008896361689592584, 0.0008414530505736669, 0.0009058315018094583, 0.0008519493964363483, 0.0008256020028621076, 0.0008829479430214057, 0.0008790765581879024, 0.0008887266740202904, 0.0008797477582650717, 0.0008720348210535882, 0.0008486999819676081, 0.0008752494809502915, 0.0008582271734641442, 0.0008339313509111525, 0.0008728924520379208, 0.0009063373457285619, 0.0008620500207097843, 0.0009123291175793903, 0.0008353095767149053, 0.0008978965802763714, 0.0008573279461845121, 0.000812655051129979, 0.0008999810088425875, 0.0008803410035087712, 0.0008698171780755123, 0.0008911481747340832, 0.0008737364898786529, 0.0008518114530791839],