{"train_mse": [5.179590913313853, 5.5113104287680095, 4.988804147190792, 4.5048878987630205, 5.39224781388996, 5.108119964599609, 5.1463025751668585, 5.3357277035680815, 4.890942573547363, 5.318866669238926, 5.333641965165097, 4.594711865181531, 4.800257138689747, 5.5692674756626, 5.242798805236816, 4.863796446673023, 5.222040418594602, 4.981077829996745, 5.34608494587937, 5.108495617290641, 4.501714738394505, 5.599124874985009, 4.996822357177734, 5.149072289756905, 5.128302964063395, 5.0664418538411455, 5.226125622201473], "test_gmm": [0.001204628109311064, 0.0011412839715679486, 0.0012385199467341106, 0.0010302265485127766, 0.0011927600329120953, 0.0011800186863789956, 0.0013417160759369533, 0.0012970919099946816, 0.00100918587607642, 0.001178694035237034, 0.001067684730514884, 0.0012097338524957497, 0.0013760579749941826, 0.0011782267441352208, 0.0015598625565568607, 0.0010299366743614276, 0.0011263064419229825, 0.0012282958098997672, 0.0010694859083741903, 0.0011213007383048534, 0.001208298917238911, 0.0013281960661212604, 0.0013280329294502735, 0.0009802888768414657, 0.0011762419405082862, 0.0011120487470179796, 0.0011622241387764614], "train_overshoot": [65.56455833123873, 70.33175573307715, 62.689944783949215, 53.8824462890625, 69.51859658292028, 65.12606811523438, 64.60308948716197, 65.98233026837694, 58.5414072672526, 69.34755880437059, 65.05679529956264, 56.513308561062026, 61.28618432501653, 69.3121180879897, 67.44984944661458, 60.14870068356004, 64.59508989205698, 64.28797403971355, 68.70705149036057, 63.29815394040482, 55.22708228755044, 70.60384087813527, 64.51695251464844, 66.71314861362578, 62.16001719255664, 61.87681579589844, 68.09151418266568], "train_gmm": [0.0012365259078191135, 0.0011958812103401145, 0.0011354572935302067, 0.001231210461507241, 0.0012328801454887504, 0.001220792920018236, 0.0012191774207132957, 0.0012181469729371092, 0.0011772619715581338, 0.0012507229761005805, 0.001181692977507527, 0.0011384361517145058, 0.0012410568995899842, 0.001257820925472871, 0.001238545635715127, 0.0012225392340787643, 0.0011685777787673764, 0.0012438454820464055, 0.0011955232747120643, 0.0011735821325156942, 0.001198004588645689, 0.0012462454635584564, 0.0012187897227704525, 0.0012296767193833117, 0.0011989639289857982, 0.0011826444727679093, 0.0012457570553829906], "test_mse": [4.639782587687175, 5.9276917775472, 6.095234553019206, 2.698598861694336, 6.851253509521484, 4.986035346984863, 3.8340142567952475, 6.609505971272786, 4.416021664937337, 3.738469441731771, 7.14277712504069, 6.232163111368815, 1.990492820739746, 4.980937639872233, 6.318315505981445, 3.3523381551106772, 6.862786610921224, 5.316361745198567, 3.469594955444336, 6.69099489847819, 4.723147710164388, 3.6096973419189453, 7.080689748128255, 3.7407614390055337, 4.806838035583496, 7.3463929494222, 6.3473052978515625], "test_overshoot": [42.31512959798177, 72.48977152506511, 66.05711364746094, 40.83965301513672, 80.13893127441406, 68.34928894042969, 45.029947916666664, 70.52061971028645, 57.93438720703125, 59.3045654296875, 106.86107381184895, 72.71251932779948, 19.2195307413737, 67.69138590494792, 91.5987040201823, 10.58828608194987, 80.48000081380208, 60.9851328531901, 44.625640869140625, 79.14407857259114, 67.33034261067708, 38.105000813802086, 74.25226338704427, 46.82142639160156, 77.38218180338542, 107.18875122070312, 78.15664164225261], "test_loss": [46.95611572265625, 78.41860453287761, 72.15358479817708, 43.5392812093099, 86.99137369791667, 73.33650207519531, 48.86530558268229, 77.13142395019531, 62.351420084635414, 63.0442148844401, 114.00492350260417, 78.94589233398438, 21.21139907836914, 72.67350260416667, 97.9185791015625, 13.941654205322266, 87.34391276041667, 66.30272420247395, 48.09630330403646, 85.83619181315105, 72.05469767252605, 41.716026306152344, 81.3342793782552, 50.56316630045573, 82.19019571940105, 114.5362548828125, 84.50510660807292], "train_loss": [70.74538382786403, 75.84426034374154, 67.67988206598905, 58.38856506347656, 74.91207846419819, 70.23540751139323, 69.75061320329367, 71.31927845070653, 63.43352762858073, 74.66767743036435, 70.39162034254808, 61.10915655491156, 66.08768453882912, 74.88264443217844, 72.69388834635417, 65.01372094669252, 69.81830158035287, 69.27029418945312, 74.05433452381551, 68.4078224151905, 59.72999669658531, 76.20421212179619, 69.51499430338542, 71.86345240089436, 67.28951986862232, 66.94443766276042, 73.31888577075715]}