{"test_mse": [4.667250315348308, 6.105388641357422, 6.232776006062825, 2.591437657674154, 6.993237813313802, 4.970044771830241, 3.807133992513021, 6.628055572509766, 4.403822263081868, 3.7142419815063477, 7.293841044108073, 6.286539077758789, 1.9235496520996094, 5.00080140431722, 6.3830210367838545, 3.3045899073282876, 7.0098311106363935, 5.3597666422526045, 3.392505963643392, 6.780975341796875, 4.696954727172852, 3.5800390243530273, 7.065337498982747, 3.7025829950968423, 4.847873687744141, 7.451047261555989, 6.400593439737956, 1.6136976877848308, 5.231635411580403, 5.864795684814453, 4.285576502482097, 6.441466013590495, 5.968067804972331, 3.6430908838907876, 5.694162368774414, 5.39369265238444, 2.8384669621785483, 6.982131322224935, 3.7188072204589844, 4.702393213907878, 8.635148366292318, 6.429226557413737, 2.1532535552978516, 4.911428769429524, 6.09446652730306, 3.6427977879842124, 6.204216639200847, 6.5011037190755205, 3.389793078104655, 5.633696873982747, 5.751302083333333, 2.7128845850626626, 6.677684148152669, 3.707493464152018, 5.402919769287109, 7.488751729329427, 6.251944859822591, 2.9670181274414062, 4.954947153727214, 5.6826171875, 4.4552872975667315, 5.111315409342448, 6.939990997314453, 3.656163215637207, 5.728780746459961, 5.6332213083903, 2.746974309285482, 5.785788853963216, 4.813334782918294, 4.905663808186849, 7.6372725168863935, 5.3939870198567705, 5.085429509480794, 4.680700620015462, 5.676602045694987, 4.461400667826335, 5.097872416178386, 6.710196812947591, 4.5357818603515625, 2.9815807342529297, 7.22932243347168, 2.608948230743408, 5.151490847269694, 5.35092035929362, 4.854164123535156, 7.05325190226237, 5.777495702107747, 5.271703402201335, 4.604882876078288, 5.542890548706055, 4.2775313059488935, 5.827203114827474, 6.758188247680664, 4.025932312011719, 3.3612848917643228, 6.683649063110352, 3.8800741831461587, 4.3844420115153, 5.544219334920247, 5.428198496500651, 6.315062840779622, 6.053683598836263, 5.358381271362305, 3.756507237752279, 5.856111526489258, 4.083281834920247, 6.252491633097331, 6.301379521687825, 4.150046666463216, 2.598658879597982, 7.199045817057292, 4.348591486612956, 2.749108632405599, 6.5200958251953125, 5.339988708496094, 4.312317530314128, 6.992698669433594, 5.455877939860026, 3.848005930582682, 5.619335174560547, 3.903374354044596, 6.270994822184245, 5.208434104919434, 5.415407180786133, 3.2002684275309243, 6.768430074055989, 4.955752690633138, 2.7739791870117188, 7.178271611531575], "test_overshoot": [0.0, 0.0, 0.0, 0.0, 0.0, 0.0, 0.0, 0.0, 0.0, 0.0, 0.0, 0.0, 0.0, 0.0, 0.0, 0.0, 0.0, 0.0, 0.0, 0.0, 0.0, 0.0, 0.0, 0.0, 0.0, 0.0, 0.0, 0.0, 0.0, 0.0, 0.0, 0.0, 0.0, 0.0, 0.0, 0.0, 0.0, 0.0, 0.0, 0.0, 0.0, 0.0, 0.0, 0.0, 0.0, 0.0, 0.0, 0.0, 0.0, 0.0, 0.0, 0.0, 0.0, 0.0, 0.0, 0.0, 0.0, 0.0, 0.0, 0.0, 0.0, 0.0, 0.0, 0.0, 0.0, 0.0, 0.0, 0.0, 0.0, 0.0, 0.0, 0.0, 0.0, 0.0, 0.0, 0.0, 0.0, 0.0, 0.0, 0.0, 0.0, 0.0, 0.0, 0.0, 0.0, 0.0, 0.0, 0.0, 0.0, 0.0, 0.0, 0.0, 0.0, 0.0, 0.0, 0.0, 0.0, 0.0, 0.0, 0.0, 0.0, 0.0, 0.0, 0.0, 0.0, 0.0, 0.0, 0.0, 0.0, 0.0, 0.0, 0.0, 0.0, 0.0, 0.0, 0.0, 0.0, 0.0, 0.0, 0.0, 0.0, 0.0, 0.0, 0.0, 0.0, 0.0, 0.0, 0.0, 0.0], "test_loss": [4.668431282043457, 6.106473922729492, 6.233924229939778, 2.5923760732014975, 6.994314193725586, 4.971083641052246, 3.8083359400431314, 6.62916882832845, 4.404672622680664, 3.715246836344401, 7.29470952351888, 6.287542978922526, 1.9247374534606934, 5.0017595291137695, 6.384330749511719, 3.3054558436075845, 7.0107371012369795, 5.360758463541667, 3.3933639526367188, 6.7818603515625, 4.697919209798177, 3.581148147583008, 7.06640625, 3.7033557891845703, 4.848813374837239, 7.4519087473551435, 6.401512145996094, 1.6148173014322917, 5.232568422953288, 5.866041819254558, 4.286549250284831, 6.442340850830078, 5.96904182434082, 3.643954594930013, 5.6949615478515625, 5.394670486450195, 2.8395872116088867, 6.983226140340169, 3.7195876439412436, 4.703250567118327, 8.636177062988281, 6.4300797780354815, 2.154301643371582, 4.912322362263997, 6.095692316691081, 3.6438608169555664, 6.205079396565755, 6.5020796457926435, 3.3906211853027344, 5.634513219197591, 5.75229008992513, 2.713955561319987, 6.678759892781575, 3.708292325337728, 5.403788884480794, 7.489753087361653, 6.252768198649089, 2.9680792490641275, 4.955849329630534, 5.683861414591472, 4.456379572550456, 5.112164497375488, 6.940919876098633, 3.657014528910319, 5.729593276977539, 5.634202321370442, 2.748040199279785, 5.786856333414714, 4.814171155293782, 4.906502723693848, 7.638243993123372, 5.394760767618815, 5.086537996927897, 4.681736310323079, 5.677632649739583, 4.462600072224935, 5.098763465881348, 6.711111704508464, 4.536689758300781, 2.9823745091756186, 7.230264027913411, 2.6099910736083984, 5.1525618235270185, 5.351798375447591, 4.855000813802083, 7.0541566212972, 5.7783253987630205, 5.272763252258301, 4.605949401855469, 5.543887456258138, 4.278745651245117, 5.828141530354817, 6.759088516235352, 4.026835123697917, 3.362091064453125, 6.6846262613932295, 3.8810784022013345, 4.385487238566081, 5.545083999633789, 5.4290815989176435, 6.315946578979492, 6.05454953511556, 5.359361012776692, 3.7575502395629883, 5.857128143310547, 4.084484100341797, 6.253477096557617, 6.302225112915039, 4.151101748148601, 2.5993946393330893, 7.200026830037435, 4.349566459655762, 2.7501710255940757, 6.520962397257487, 5.340906143188477, 4.313220342000325, 6.993509292602539, 5.456872940063477, 3.8491080602010093, 5.620307922363281, 3.904616038004557, 6.2719771067301435, 5.20925776163737, 5.416492462158203, 3.201019605000814, 6.7693837483723955, 4.956716219584147, 2.775035540262858, 7.179217020670573],