{"train_mse": [15.33376809825068, 17.910997915959012, 13.723969832710598, 5.350930808247, 3.591612055681754, 24.455807893172555, 31.435084246206976, 5.031422932942708, 11.0106897768767, 11.79784293796705, 16.681891178739242, 5.841069484102553, 12.432444254557291, 6.6942913774131, 1.5027333964472231, 8.449773152669271, 3.2359781679899795, 22.179534912109375, 8.503189750339674, 0.9827600181966588, 6.4471305073171425, 29.485331217447918, 12.351493946020154, 19.299408843551856, 18.86714017563972, 4.700195789337158, 11.270293304885643, 0.20455399112424988, 121.77103187688428, 18.15362106544384, 3.037276281826738, 1.9020078078560207, 17.981410814368207, 8.779275645380435, 19.486537325209465, 22.85002689085145, 1.8667504545571147, 4.297271687051524, 5.239399232726166, 44.08967479761096, 19.26200446529665, 4.709659078846807, 14.013630742612092, 12.618252298106318, 6.161935336347939, 14.391499837239584, 8.27650341089221, 2.155529967252759, 2.9876735175865283, 7.853255783302196, 7.799734585527061, 25.849861919016078, 1.7426135781882466, 4.96205260788185, 12.796340942382812, 26.0124609021173, 15.479250037151834, 20.737523617951766, 11.648827594259512, 3.1467387434365093, 5.931115302486696, 6.449279342872509, 134.37191268552877, 1.5756962472114011, 3.8961476657701577, 8.30266869586447, 9.143416694972826], "test_gmm": [1.2473040041716204, 1.2150161577307659, 1.181634405384893, 1.1406198584515115, 1.087539589923361, 1.0329840286918308, 0.9276030167289402, 0.7876804185950238, 0.5378527019334876, 0.4441194948942765, 0.12960931529169498, 0.027037501335144043, -0.3997766660607379, -0.7713540947955587, -0.2702429605566937, -1.007199411806853, -0.9648484769074813, -1.0516064685323965, -1.2961281486179517, -1.3829136724057405, -1.2833790157152258, -1.5055560236391814, -1.3716040072233782, -1.4396232936693274, -1.0155131298562754, -1.0377295120902683, -1.3621728316597317, -1.4361124453337297, -1.2418413576872454, -1.261584240457286, -1.1013966435971467, 45.99008324032738, -1.0510899916939114, -1.312598933344302, -1.6052727077318274, -1.1900976429814878, -1.4236954398777173, -1.3955403203549592, -1.423042629076087, -1.6630146192467732, -1.3193205128545347, -1.6956710815429688, -1.5364432956861414, -1.5848357159158457, -1.5065456887950068, -1.5325813293457031, -1.4029323743737263, -1.4254249904466711, -1.6066927702530571, -1.6901646489682405, -1.3302180248758066, -1.7919067714525305, -1.5004801542862602, -1.5965604367463484, -1.5145268647567085, -1.7636859727942424, -1.4083167366359546, -1.632485928742782, -1.75689348967179, -1.427552596382473, -1.3419155452562415, -1.521032250445822, -1.7460905987283457, -1.6685771112856658, -1.7843871738599695, -1.1777266626772673, -1.3380591351052988], "train_gmm": [1.2735793901526409, 1.239451781563137, 1.204951714778292, 1.1688358749168506, 1.1249394900556924, 1.0748419277909873, 1.0085190759188887, 0.8760907546333645, 0.6967990985815076, 0.4907519437264705, 0.3485458553701207, 0.13487662439760956, -0.1373014830160832, -0.5309357712234276, -0.6582200423530911, -0.8120159480882727, -0.9988580786663553, -0.9975802380105724, -1.1742207347482876, -1.281152808147928, -1.2402219634125198, -1.158397370490475, -1.3684402134107507, -1.1686464945475261, -1.3598465297533118, -1.0302146414051885, -1.2849736144577248, -1.0778223120647927, 0.2346358431955879, -1.2521519315415535, -1.2148571290831636, -1.2460831628329512, -1.1648134148639182, -1.2859693057295205, -1.2848408740499746, -1.2280826845030854, -1.4670530125714731, -1.5348402935525645, -1.518664318582286, -1.2924314858256907, -1.4390667901522871, -1.2512754080952078, -1.4161378058834353, -1.4742962933968806, -1.4455969437308933, -1.5212214926014775, -1.0227204751277315, -1.3982835023299507, -1.5229419210682744, -1.3775479137033657, -1.6679567530535269, -1.2124985404636548, -1.5678469892861187, -1.5650467803512795, -1.601832680080248, -1.4117995552394702, -1.5549561873726223, -1.470852229906165, -1.0467466824296592, -1.5689971481544385, -1.3196048460144927, -1.0873017518416694, -0.12813238310238867, -1.5931745335675669, -1.567262179609658, -1.5257516943890115, -1.591790074887483], "train_loss": [16.607347571331523, 19.150449891021285, 14.928921243418818, 6.519766434379246, 4.716551407523777, 25.530650705531023, 32.443603515625, 5.907513604647871, 11.707489013671875, 12.288594784943953, 17.03043708248415, 5.9759460670360625, 12.29514257458673, 6.163355620011039, 0.8445133540941321, 7.6377572322237315, 2.2371200893236245, 21.181954204172328, 7.328969098519588, -0.298392779585244, 5.206908460976421, 28.326933929885644, 10.983053898465807, 18.130762514860734, 17.507293701171875, 3.669981085735819, 9.985319718070652, -0.873268320940543, 122.00566437956574, 16.901468912760418, 1.8224191251008406, 0.6559246173803357, 16.816597316576086, 7.493306477864583, 18.201696423516758, 21.621944703917574, 0.3996974558070086, 2.762431379677593, 3.7207349694293477, 42.797243864639945, 17.82293789628623, 3.458383698394333, 12.597492826157723, 11.143956281136775, 4.716338447902514, 12.870278178781703, 7.253782742265342, 0.7572464597397957, 1.4647315481434697, 6.47570778667063, 6.131777777188066, 24.637363599694293, 0.17476659581281137, 3.397005827530571, 11.194508428158967, 24.60066112573596, 13.924293628637342, 19.266671664472938, 10.602080856544385, 1.5777415952820708, 4.611510456472203, 5.361977729244509, 134.24378143480405, -0.017478307088216145, 2.328885479249816, 6.776917167331861, 7.551626675370811], "test_mse": [7.4093190068783965, 0.14170136659041696, 19.168709132982336, 9.121409540591033, 0.14498627704122793, 5.754444288170856, 2.9717456983483355, 7.995904010275136, 3.2822992076044497, 6.240924337635869, 20.24941220490829, 42.76601509425951, 0.30527318042257556, 8.69984303350034, 15.563289476477582, 0.1471758510755456, 0.06368299670841383, 8.679250302522078, 9.675133746603262, 14.961318306300951, 5.871057925016983, 4.212212935737941, 5.501590562903362, 3.733048812202785, 0.606605985890264, 33.773440153702445, 9.100876517917799, 0.11969602626302968, 20.091668170431387, 4.323837943699049, 24.964750870414402, 9053.171130952382, 49.77075726052989, 9.398358552352242, 0.10641313635784647, 30.92238716457201, 13.167163351307744, 0.2514994040779445, 0.09417611619700557, 21.2543772821841, 0.13076335450877313, 0.08358575468477995, 0.14501516715339993, 6.057084456734035, 0.15864159749901813, 0.09803174889605978, 13.449961786684783, 4.993677553923233, 8.448438561480978, 0.06871378940084706, 5.50707311215608, 0.11179621323295262, 0.21564297054124915, 0.26559811053068744, 7.733757350755774, 0.0946603132330853, 23.455492102581523, 5.4961060233738115, 0.09592767383741296, 0.28531943196835724, 34.31085205078125, 0.09545306537462317, 0.06227440937705662, 7.5633412236752715, 0.044206303098927376, 3.531072865361753, 27.797281016474184],