{"test_gmm": [16.70212663922991, 27.804365678267047, 29.980008951822917, 30.308454842403016, 39.08886441317472, 36.03212306810462, 36.67772050337358, 19.72406921386719, 27.838411603655135, 19.96046849300987, 18.957686986678684, 14.584141322544642, 12.121818403764205, 21.307729413432458, 25.34356435139974, 12.064024607340494, 26.38032459077381, 16.507721999595905, 19.269173940022785, 14.127270242442256, 6.95791015625, 3.2790292593149037, 3.730423560509315, -2.103343035723712, -4.4187192563657405, -6.007418545809659, -1.936431666782924, -17.717792652271413, -13.96914800008138, -20.180322265625, -12.178027609120244, -28.31486421472886, -13.27287616151752, -18.258417200159144, -10.331675889756944, -24.790446472167968, -7.849900745210194, -33.30229949951172, -23.614122178819443, -20.732190813337052, -62.26202392578125, -7.31469560102983, -18.493204752604168, -16.728824615478516, -22.70721966287364, -19.884329833984374, -32.601408305921055, -13.799496299342104, -14.854600475680444, -13.40495777130127, -9.359100341796875, -10.285825039478059, -13.446095275878907, -12.378612171519887, -21.151394548087286, -13.023898985327744, -20.267235065328663, -21.045923693426722, -42.92528860909598, -20.69007990910457, -19.81883292362608, -10.254444469105113, -8.19219716389974, -10.55106159792108, -13.020219501696134, -5.8868501790364585, -9.659046846277574, -14.26278076171875, -23.221098526664402, -22.10510947487571, -25.660833740234374, -19.026149583899457, -20.687423042629074, -19.107501983642578, -12.10915553316157, -31.57745361328125, -8.932179295739463, -32.80850001743862, -29.983831787109374, -23.706426711309526, -42.899637858072914, -9.751992361886161, -14.31563470302484, -21.188751220703125, -20.804396409254807, -18.793782552083332, -33.729970831620065, -14.923031368771115, -15.623577249461206, -13.588754442003038, -9.59600084092882, -14.470229690139359, -10.997633913730054, -13.99213340065696, -17.260574833039314, -16.573726878446692, -16.48914252387153, -21.203619595231682, -42.503431047712056, -20.694042064525462, -20.433537074497767, -10.420199245876736, -10.166554042271205, -16.759550476074217, -9.752282484522405, -6.199238521952025, -8.724064418247767, -14.38272443498884, -34.48499971277573, -19.581366497537363, -27.212363795230264, -17.662403564453125, -31.553517061121322, -16.718285454644096, -10.91165101294424, -27.692916870117188, -9.00425033569336], "train_gmm": [1.3791552115177763, 1.307383105263302, 1.3541526963975694, 1.483199984601919, 1.2523746504230129, 1.4017069363514847, 1.239644568101415, 1.1314604553995253, 1.1472802238298259, 6.946892329624721, 1.0717244637834036, 1.075430162267275, 1.1862129140723725, 0.9661480857690061, 1.0609193057587252, 0.9191933460279044, 0.7968462026193893, 0.7696994089940835, 2.303164848914513, 0.6118453565277078, 0.44867529207772583, 0.3071368948205725, 0.1252516160267946, -0.03783779295663985, -0.21681787513109496, -0.39154034428135476, -0.51500132448048, -1.2377987680405471, -0.5543643805987674, -0.5382981773760679, -0.672377896669277, -0.5669097680839703, -0.7126960249136616, -0.6477868719153147, -0.6076900910918925, -0.6083637023969037, -1.0831253051757812, -0.6650831485567187, -0.6419251344915022, -0.7587688807308387, -0.6600692948920237, -0.7888183841457614, -0.7561014392707921, -0.6365382925714571, -0.6742703358162139, -0.974733319712692, -0.7272968278055297, -0.6680502436302265, -0.8045098501876746, -0.726222186180126, -0.8109844489879546, -0.8095101828372468, -0.6825536038582785, -0.7269119826198747, -0.8441746177855861, -0.7470017681422308, -0.6969366233442083, -0.8202599512716026, -0.7485013892201461, -0.8074632025931704, -0.8635533733554306, -0.7149554693210892, -0.7124111362270542, -0.7335629707220349, -0.7668527958954511, -0.7067428810009058, -0.8396605020367218, -0.7668928666548296, -0.797805856994062, -0.8704306885367451, -0.7091045020803184, -0.7370980869640004, -0.6368971377755133, -0.7348032717031717, -0.7092524136591519, -0.8378690522292565, -0.7697334087714947, -0.8211170372596154, -0.8790951852386576, -0.7155635814680362, -0.7273019462719298, -0.5787559199411704, -0.7122513041776769, -0.7168476398174579, -0.8207075827294396, -0.7730082333360089, -0.7956227798636234, -0.8942829537898936, -0.7044713534681241, -0.7073469022813151, -0.5269760930173372, -0.7069545653761087, -0.7545243547933574, -0.7679182560385207, -0.8001442429441843, -0.7659062729610581, -0.920693737412819, -0.7209857769536903, -0.7100629994567011, -0.9453262181738367, -0.7104888983383347, -0.7400863832613981, -0.7495264140356286, -0.8405182578346946, -0.7576994588186639, -0.9089621132845773, -0.7506699029177817, -0.6967287871797206, -0.8682166383114676, -0.6961095770171527, -0.7484823549585118, -0.7591533968075128, -0.8639856108985996, -0.752726441746046, -0.9085654466964476, -0.748877107299986, -0.6998081764359136], "test_mse": [1114.378696986607, 2605.2585227272725, 693.9261067708334, 1764.5125269396551, 2483.095525568182, 240.84152088994566, 1131.095614346591, 1873.7955078125, 128.54469517299108, 2687.9897203947367, 3439.3934294871797, 1216.954799107143, 794.7597301136364, 1380.2696572580646, 1054.6534830729167, 2031.7511393229167, 3480.199776785714, 695.9651804956897, 639.3321940104166, 3281.697010869565, 3464.4778645833335, 2738.04046474359, 11125.658653846154, 873.6677048141892, 1545.9971064814815, 959.8747159090909, 3899.1732142857145, 1084.9217303240741, 993.11083984375, 151.2076904296875, 1702.5139266304348, 1471.8286994485295, 2592.758996212121, 2304.194733796296, 1135.0262152777777, 1229.6091796875, 2564.5037202380954, 3576.1292317708335, 3874.9405381944443, 1826.3510044642858, 5526.122265625, 1629.9137784090908, 877.8561197916666, 1467.29736328125, 2273.8318614130435, 143.344775390625, 1386.7740542763158, 2042.2388980263158, 190.1153761340726, 3683.596435546875, 2367.0296875, 1519.9960106382978, 1397.0814453125, 521.8213778409091, 712.0861395474138, 2778.1869283536585, 2423.6910021551726, 453.8135775862069, 2650.976004464286, 2528.940204326923, 1458.0823006465516, 3108.083096590909, 5803.4296875, 1169.525158898305, 1848.3747944078948, 864.0121354166666, 3425.799862132353, 1729.243861607143, 1068.7104279891305, 142.2432861328125, 998.07880859375, 1775.5169836956522, 4054.6426630434785, 1853.7235107421875, 1240.036486037234, 1465.782009548611, 2450.937136627907, 1355.2816685267858, 4720.1203125, 2784.5563616071427, 2565.3546875, 1754.9302455357142, 1624.4805689102564, 603.3362862723214, 3280.4447115384614, 138.75785771122685, 1384.1254111842106, 1324.6019847972973, 1540.2702047413793, 2548.236762152778, 2611.464236111111, 1938.052787162162, 1326.4144780585107, 291.0777698863636, 1085.936995967742, 2346.0232077205883, 3087.6603732638887, 453.1159078663793, 2628.8816964285716, 2356.343315972222, 1555.5122767857142, 2820.446701388889, 4992.310639880952, 1489.13662109375, 1547.421875, 758.5447293133802, 2839.1218377976193, 1730.56484375, 238.01940199908088, 1038.3823879076087, 1073.1232524671052, 1526.4840625, 3378.4427849264707, 1487.0375434027778, 1495.548100490196, 1202.206640625, 2826.5298828125],