{"train_loss": [0.5355165249184717, 0.5581666406614956, 0.5017741446929043, 0.44799987475077313, 0.5445385114819395, 0.5098387002944946, 0.5121560342761665, 0.5337120340557663, 0.4877766768137614, 0.5320118163650781, 0.5328020152882633, 0.4575787509158576, 0.4781389410980211, 0.5545709133148193, 0.5229307810465494, 0.4845359423515448, 0.5197144734383151, 0.49372851848602295, 0.5334508628965174, 0.5095133187073263, 0.4454877671697384, 0.5578105240537409, 0.49618645509084064, 0.512965454092281, 0.5071452708177454, 0.5042387644449869, 0.5202505445142164, 0.5414512023604575, 0.48272367038232433, 0.466170362199333, 0.5201301515155557, 0.5320309003194174, 0.5106928972303032, 0.5283942282103878, 0.40312031904856366, 0.5240495167650656, 0.5337300345249428, 0.4523098181455563, 0.5041802937496075, 0.5389871685338005, 0.5192922383110062, 0.49835168238126154, 0.49387367566426593, 0.5057083010571021, 0.5457121519796788, 0.5107042981666317, 0.42602361705818487, 0.5381989688851424, 0.5122260649998983, 0.5057062307993571, 0.5313224599474952, 0.4748042821884155, 0.5238318296327983, 0.547891023355129, 0.46538358212701286, 0.47700917187535224, 0.5474309789817143, 0.5045836072207174, 0.5029331597134664, 0.5011462218591858, 0.5096598599576658, 0.5508888050926014, 0.49690719726927063, 0.4420852263768514, 0.5394772762700272, 0.5056977272033691, 0.5030244434282157, 0.5232912894022118, 0.49093345801035565, 0.5289027942281191, 0.5285568271109354, 0.4602021117204566], "test_gmm": [0.0010425618384033442, 0.0009157767053693533, 0.0009643778515358766, 0.0007619543466717005, 0.0008732047863304615, 0.0008051087303707997, 0.000810207799077034, 0.0008455837766329447, 0.000597414638226231, 0.00056692100285242, 0.0006514507501075665, 0.0007587456299612919, 0.0006822002275536457, 0.0005688124025861422, 0.0008274342399090528, 0.00035088575289895135, 0.0005704277427867055, 0.0005704699627434214, 0.000538185277643303, 0.0005746103512744108, 0.0006091454609607657, 0.0005672343540936708, 0.0007011082489043474, 0.0004817544249817729, 0.0004482952256997426, 0.0005842883062238494, 0.0006745765761782726, 0.0005719033846010765, 0.0005148972462241849, 0.0007525973487645388, 0.00045545841567218304, 0.0005177499648804466, 0.0005387497367337346, 0.000534773338586092, 0.00046700681559741497, 0.0006472432287409902, 0.0005150691140443087, 0.0006774289067834616, 0.0004953866203625997, 0.0004271036402011911, 0.0006632018679132065, 0.0006283190644656619, 0.000534862163476646, 0.0004975128686055541, 0.0007331496259818474, 0.0004539363629495104, 0.000504450329268972, 0.0005426074688633283, 0.0005043899097169439, 0.0004626356530934572, 0.0006643530602256457, 0.0004949765667940179, 0.0006474021744603912, 0.0005044908806060752, 0.000433228793554008, 0.0006203716620802879, 0.0006058123738815387, 0.0005478825963412722, 0.0005240495471904675, 0.0007465623784810305, 0.0004514780982087056, 0.00048495902835081023, 0.0005449270053456227, 0.000513331382535398, 0.00045923372575392324, 0.0006677421430746714, 0.000499156730559965, 0.0006107885856181383, 0.0005378885349879662, 0.0004298038547858596, 0.000615686954309543, 0.0005293691453213493], "train_mse": [0.5343173809024687, 0.5571622033139844, 0.5008634395582937, 0.44702816009521484, 0.5436036268870036, 0.5089849630991617, 0.5113071470370433, 0.5329105069345186, 0.4870520035425822, 0.5312504090926721, 0.5320964684853187, 0.4569298558273504, 0.4774531538195245, 0.5539089049694043, 0.5222979784011841, 0.48387030362095235, 0.5191112399818992, 0.4931344191233317, 0.5328453657216791, 0.508900864284863, 0.4448928750768006, 0.5571697469343219, 0.4956331253051758, 0.5123523511445726, 0.5065378116558285, 0.503661036491394, 0.5196106346279171, 0.5408586342364701, 0.4821438330207121, 0.46557439550551, 0.5195515483325343, 0.531486431757609, 0.5100640346356132, 0.5278162784110585, 0.4026045799255371, 0.5234653459537698, 0.533139341573322, 0.4517534726705306, 0.5035828881009796, 0.5384329626325927, 0.5187141658139445, 0.49776163522317834, 0.49331144491831463, 0.5050885733030149, 0.5451247586512572, 0.5101317354036509, 0.42546687031513347, 0.5376214033623211, 0.5116922855377197, 0.5051132154464721, 0.5307288737524124, 0.47425949573516846, 0.523242035957232, 0.5472946961720785, 0.4648337986512187, 0.4764437604260135, 0.5468568684030395, 0.5040219084241344, 0.5023331451844874, 0.5005903681285544, 0.5090438827383034, 0.550305534802009, 0.4963477982415094, 0.4415183862050374, 0.5388851784263196, 0.5051775376001993, 0.5024310820479588, 0.5227065153615986, 0.4903736114501953, 0.5283007643978047, 0.5279667654925326, 0.45964972789470965], "test_mse": [0.46593324343363446, 0.6030293305714926, 0.6173794269561768, 0.25224868456522626, 0.6909482479095459, 0.49717092514038086, 0.3816359043121338, 0.6557808319727579, 0.44259126981099445, 0.378447691599528, 0.7209674517313639, 0.6174484888712565, 0.18936862548192343, 0.4930212100346883, 0.6312358776728312, 0.3293003439903259, 0.6874666213989258, 0.5318524837493896, 0.34191850821177167, 0.6701700687408447, 0.46714166800181073, 0.3540240128835042, 0.702403704325358, 0.37590694427490234, 0.4867794116338094, 0.7302141984303793, 0.6348009506861368, 0.15586981177330017, 0.5130840937296549, 0.5823937654495239, 0.432231863339742, 0.6324251492818197, 0.5910350879033407, 0.368327260017395, 0.5619930426279703, 0.5358323256174723, 0.27701419591903687, 0.6925226052602133, 0.3775365352630615, 0.4748745759328206, 0.8418015638987223, 0.6392054160435995, 0.21015719572703043, 0.48235023021698, 0.6017679373423258, 0.36775024731953937, 0.6091216802597046, 0.6413861513137817, 0.34639207522074383, 0.5551304419835409, 0.5716502666473389, 0.2665805419286092, 0.6618346373240153, 0.3766591548919678, 0.5453492800394694, 0.7307234605153402, 0.6227904558181763, 0.2892475922902425, 0.485637108484904, 0.5626855293909708, 0.44509315490722656, 0.5035039186477661, 0.6857775847117106, 0.37192829449971515, 0.5652604897816976, 0.5592226187388102, 0.2703774770100911, 0.5760061740875244, 0.4833105802536011, 0.4963528315226237, 0.7455476919809977, 0.538706382115682], "test_loss": [0.4669758081436157, 0.6039450963338217, 0.6183437903722128, 0.253010630607605, 0.6918214162190756, 0.49797602494557697, 0.3824461301167806, 0.6566264231999716, 0.4431886672973633, 0.37901461124420166, 0.7216188907623291, 0.6182072162628174, 0.19005082050959268, 0.4935900370279948, 0.6320633093516032, 0.32965123653411865, 0.6880370775858561, 0.53242293993632, 0.3424566984176636, 0.6707446575164795, 0.4677508274714152, 0.3545912504196167, 0.7031048138936361, 0.3763887087504069, 0.48722771803538006, 0.7307984828948975, 0.6354755163192749, 0.15644171833992004, 0.5135989983876547, 0.5831463734308878, 0.43268732229868573, 0.6329429149627686, 0.5915738344192505, 0.3688620328903198, 0.5624600648880005, 0.5364795525868734, 0.2775292595227559, 0.6932000319163004, 0.3780319293340047, 0.47530166308085126, 0.8424647649129232, 0.6398337284723917, 0.21069204807281494, 0.48284773031870526, 0.6025010744730631, 0.36820419629414874, 0.6096261342366537, 0.6419287522633871, 0.3468964497248332, 0.5555930932362875, 0.5723146200180054, 0.267075518767039, 0.6624820232391357, 0.3771636486053467, 0.5457825263341268, 0.7313438256581625, 0.6233962774276733, 0.2897954781850179, 0.4861611525217692, 0.5634320974349976, 0.44554464022318524, 0.5039888620376587, 0.6863225301106771, 0.3724416097005208, 0.565719723701477, 0.559890349706014, 0.2708766261736552, 0.5766169627507528, 0.4838484525680542, 0.4967826207478841, 0.7461633682250977, 0.5392357508341471], "test_overshoot": [0.0, 0.0, 0.0, 0.0, 0.0, 0.0, 0.0, 0.0, 0.0, 0.0, 0.0, 0.0, 0.0, 0.0, 0.0, 0.0, 0.0, 0.0, 0.0, 0.0, 0.0, 0.0, 0.0, 0.0, 0.0, 0.0, 0.0, 0.0, 0.0, 0.0, 0.0, 0.0, 0.0, 0.0, 0.0, 0.0, 0.0, 0.0, 0.0, 0.0, 0.0, 0.0, 0.0, 0.0, 0.0, 0.0, 0.0, 0.0, 0.0, 0.0, 0.0, 0.0, 0.0, 0.0, 0.0, 0.0, 0.0, 0.0, 0.0, 0.0, 0.0, 0.0, 0.0, 0.0, 0.0, 0.0, 0.0, 0.0, 0.0, 0.0, 0.0, 0.0],