{"test_loss": [3.5647894817849863, 6.929420802904212, 11.455647078804347, 1.6835282698921534, 7.817756188434103, 8.477834154211957, 6.172353860606318, 12.868762737771739, 79.66721519227583, 11.110464079483696, 7.265602974269701, 3.15688184655231, 90.65258652975196, 8.987597390879756, 10.612836489470109, 2.1153561799422556, 6.4747524095618205, 8.25817287279212, 5.618000594429348, 0.0, 2.164768517535666, 5.441325842815897, 7.754675160283628, 3.4329368259595787, 7.040552155867867, 7.11066602623981, 5.768846860139266, 11.942416249150815, 82.46641240383907, 4.231168365478515], "train_loss": [6.40328714121943, 8.789561838343523, 9.209185908957956, 0.0, 5.820478688115659, 8.109871621457687, 8.851813208538553, 5.803821729577106, 7.3309156334918475, 7.253790150518003, 6.291290283203125, 4.33556802721991, 6.716180884319803, 7.433342385407231, 0.0, 5.110103773034138, 6.165242734162704, 6.99697617240574, 4.005515720533288, 5.261917910368546, 6.222743822180706, 5.618231852535202, 3.145609758902287, 5.747802181520324, 6.517737126004869, 0.0, 4.856548972751783, 5.646684966472365, 6.78707912279212, 5.0779886660368545]}