{"train_gmm": [-0.8941686657891758, -0.9173321610246099, -0.9905347131799769, -1.1043513761021784, -0.9495035513923936, -1.140577500048666, -0.9971387179392689, -0.9015681914639372, -0.9882453730213625, -5.348824637276786, -0.9441507717728111, -0.9819474633557902, -1.1227376370642903, -0.9256708513996226, -1.1682840898793496, -0.9958700934593299, -0.9006524348142833, -1.0063050030267726, -3.3415277921236477, -0.9932490549626284, -0.9837581885122034, -1.1005424895843903, -0.9102637099139076, -1.1871557148078529, -1.037640309612111, -0.9162286665545607, -0.9641861269728251, -2.172809351270444, -0.9689402650178702, -0.9718121206160072, -1.1148459738744283, -0.9331774814523381, -1.151639572042503, -1.0547071133301162, -0.9395157432006485, -0.9533791329149318, -1.6611623128255208, -0.9956740010656085, -0.9475522118283991, -1.0978713915780498, -0.9482272618722707, -1.1177152658437755, -1.0734637296652492, -0.9173785843177676, -0.9686133352711233, -1.3480308957383638, -0.9631228762488383, -0.9377259789443597, -1.1058398320593077, -0.9938978817825656, -1.0860618272394995, -1.0870238964138934, -0.9018050986842105, -0.9650012215870519, -1.1215853409713916, -0.998750404764277, -0.9173340610951685, -1.1065196286761096, -1.00177070123441, -1.0764598530300415, -1.122055600442793], "test_gmm": [-10.772433689662389, -23.27953731652462, -25.880517578125, -21.012335415544182, -34.470361882990055, -28.55047607421875, -33.40270441228693, -18.007489013671876, -19.700672694614955, -16.275450053967926, -12.585972712590145, -14.099061304209183, -13.819085138494318, -15.34881591796875, -35.794395446777344, -14.794723510742188, -30.879621233258927, -27.6566162109375, -31.5491943359375, -32.440310270889945, -18.908795166015626, -17.28465544871795, -3.4319692758413463, -10.095426817198057, -11.781113236038774, -11.965103426846591, -11.322553362165179, -29.151728877314813, -23.170677185058594, -35.32770690917969, -18.152069091796875, -48.96340403837316, -18.89620324337121, -29.140846535011573, -16.62105441623264, -37.652462768554685, -12.524877639043899, -43.45262145996094, -33.20122612847222, -27.118201846168155, -99.64469604492187, -12.047686212713069, -27.860145851417823, -21.848928451538086, -31.15961754840353, -27.34833984375, -39.739775005139805, -17.73861533717105, -20.61948517830141, -18.96160888671875, -12.176939561631944, -13.953818463264628, -16.666444396972658, -15.155682650479404, -28.278265591325432, -16.416520281535824, -26.189697265625, -26.905117692618536, -56.19905744280134, -25.096710205078125, -26.222883553340516], "train_loss": [91.39895833333334, 97.66501029978963, 92.28230902777777, 87.64434647302905, 94.4817417312545, 109.09846085963456, 94.62713738207547, 90.46080564345992, 87.89324428519593, 906.4443359375, 96.82695477320675, 89.58015636380189, 91.22693107624262, 97.57230634435658, 98.55601763152444, 96.37596988895217, 87.30802833594294, 91.73291301169591, 326.79946664663464, 93.61396047322084, 90.92211735857664, 88.57567091112013, 94.2738773680949, 106.4906537176274, 98.83529304474708, 89.03924444248412, 93.81060597532421, 190.55620862538942, 94.67855915505865, 98.0281081384892, 88.12066179395386, 94.3359487410072, 101.98471129966887, 98.4852607017201, 86.44619337626081, 90.71231063961729, 151.82615327380952, 98.70162667200452, 93.07624177631578, 95.31256270064206, 91.02543042667395, 109.3602437601461, 100.76019209849683, 91.47278405049786, 87.02856218772305, 121.47253628838772, 96.90828008828996, 93.36320775261323, 88.0238427773344, 85.56557537850813, 111.63989650321544, 100.21405122293504, 88.52567982456141, 88.08683698406952, 104.88966557017544, 97.2963504548012, 94.93664346194134, 91.22860614689709, 91.03802994694713, 99.71139687746646, 108.05899455415309], "test_mse": [1114.0342494419642, 2659.824100378788, 661.1067708333334, 1813.508755387931, 2644.199396306818, 27.37569527004076, 979.5133167613636, 1881.303125, 30.373498099190847, 2806.5733963815787, 3615.56891025641, 1212.4094387755101, 776.3357954545454, 1397.1610383064517, 1009.8497721354166, 2091.4837239583335, 3517.393601190476, 584.0329337284483, 534.9272867838541, 3322.779551630435, 3640.0723958333333, 2822.1378205128203, 11613.508413461539, 878.8556798986486, 1613.870804398148, 929.9705255681819, 4089.313392857143, 985.4072627314815, 973.875, 32.60749206542969, 1714.5828804347825, 1440.0309053308824, 2742.9928977272725, 2386.275462962963, 1147.9794270833333, 1098.97724609375, 2589.9929315476193, 3610.9137369791665, 3957.4921875, 1747.9255952380952, 5778.8453125, 1657.6005681818183, 804.7708333333334, 1487.536865234375, 2406.862262228261, 35.5427392578125, 1301.7313939144738, 2066.596011513158, 46.48513892389113, 3923.9775390625, 2472.6296875, 1526.838597074468, 1441.7052734375, 453.58895596590907, 635.274447737069, 2880.9725609756097, 2452.135506465517, 323.2638739224138, 2637.0627790178573, 2590.484074519231, 1458.576104525862], "test_loss": [1103.2617885044642, 2636.5445075757575, 635.2262369791666, 1792.4963631465516, 2609.7290482954545, -1.174780804177989, 946.1106178977273, 1863.295703125, 10.672825404575892, 2790.2979029605262, 3602.9827724358975, 1198.3103475765306, 762.5166903409091, 1381.812247983871, 974.0553385416666, 2076.68896484375, 3486.514136904762, 556.3763133081897, 503.3780924479167, 3290.3393342391305, 3621.163541666667, 2804.8531650641025, 11610.076923076924, 868.7602407094595, 1602.0896990740741, 918.0053977272727, 4077.990625, 956.2554976851852, 950.704345703125, -2.72021484375, 1696.4308763586957, 1391.0675551470588, 2724.096590909091, 2357.1345486111113, 1131.3583333333333, 1061.3248046875, 2577.4680059523807, 3567.4612630208335, 3924.2907986111113, 1720.8074776785713, 5679.20078125, 1645.552840909091, 776.9106626157408, 1465.68798828125, 2375.7026154891305, 8.1943994140625, 1261.9915707236842, 2048.8573190789475, 25.865653745589718, 3905.015869140625, 2460.4527777777776, 1512.884807180851, 1425.0388671875, 438.4332830255682, 606.9961610991379, 2864.5560213414633, 2425.9458512931033, 296.3587688577586, 2580.863839285714, 2565.3873197115386, 1432.3531788793102], "train_mse": [92.29312443387681, 98.58233805224404, 93.2728443287037, 88.74869683609958, 95.43124211427542, 110.23903719372923, 95.62427476415094, 91.36237473628692, 88.88148868378084, 911.7931780133929, 97.7711080344585, 90.56210453841952, 92.34966696503791, 98.49797807332854, 99.72430030550953, 97.37184118735763, 88.20867856210856, 92.73921783625731, 330.14100060096155, 94.60720836390315, 91.90587648266424, 89.67621245941558, 95.18413874380312, 107.67781106411863, 99.87293287937743, 89.95547095536344, 94.77479399315563, 192.7290206386293, 95.64750103097508, 98.99992131294964, 89.23550616547335, 95.2691293839928, 103.1363501138245, 99.53996958072713, 87.38570841588617, 91.66569033486888, 153.48731398809525, 99.69730242087415, 94.02379111842106, 96.41043526785714, 91.97365697780204, 110.47795758928571, 101.83365370352057, 92.39016102862732, 87.9971755665596, 122.82056741842611, 97.87140450743495, 94.30093641114982, 89.12968251197127, 86.5594707810192, 112.72595960610933, 101.30107570669607, 89.42748355263159, 89.05183913377986, 106.0112514952153, 98.29509916541636, 95.85397390013966, 92.3351243371956, 92.03979837583768, 100.78785701953433, 109.18104896172639]}