{"test_overshoot": [43.10089619954427, 76.63083394368489, 69.37549336751302, 41.2425282796224, 84.41906229654948, 71.08461507161458, 46.144134521484375, 73.4739990234375, 59.96644592285156, 61.31013488769531, 111.41666666666667, 75.1419169108073, 19.13262685139974, 70.1822509765625, 95.47660319010417, 10.099822362263998, 84.91750081380208, 63.48945109049479, 45.42957560221354, 82.92493184407552, 69.46243286132812, 39.275533040364586, 77.22374979654948, 48.173736572265625, 80.56973266601562, 110.73482259114583, 80.6175537109375, 11.40395991007487, 75.94639587402344, 81.51937357584636, 59.84370422363281, 78.97454325358073, 67.88144938151042, 50.94872029622396, 67.97703552246094, 76.57861836751302, 34.590250651041664, 78.46046447753906, 39.82006327311198, 75.88390604654948, 135.80984497070312, 80.3569844563802, 23.3189697265625, 69.2878926595052, 87.82579549153645, 50.649078369140625, 78.83638509114583, 74.66847229003906, 45.42765808105469, 70.84358215332031, 80.42503865559895, 33.0787607828776, 76.25084940592448, 38.38640594482422, 86.37684122721355, 117.43373616536458, 80.3600565592448, 32.198509216308594], "test_loss": [47.87903849283854, 82.93055725097656, 75.8383076985677, 43.84363301595052, 91.70323689778645, 76.19548034667969, 50.03485107421875, 80.33926391601562, 64.49502563476562, 65.08323669433594, 118.97826131184895, 81.64259338378906, 21.07317860921224, 75.35997009277344, 102.02847290039062, 13.50783665974935, 92.23289998372395, 69.0783182779948, 48.90013122558594, 90.01908365885417, 74.26669820149739, 42.9615224202474, 84.56734212239583, 51.97715759277344, 85.53053792317708, 118.45848592122395, 87.2448018391927, 13.024981180826822, 81.38524881998698, 87.5153096516927, 64.20785522460938, 85.71145629882812, 74.15075174967448, 54.6642100016276, 73.89454142252605, 82.14283752441406, 37.52197774251302, 85.74465942382812, 43.62055460611979, 80.6827392578125, 144.79358927408853, 87.00551350911458, 25.488245646158855, 74.3982645670573, 94.04932657877605, 54.34881591796875, 85.30286661783855, 81.51939900716145, 48.8736317952474, 76.6934305826823, 86.36854044596355, 35.874646504720054, 83.2113749186198, 42.18086496988932, 91.90796915690105, 125.21085611979167, 86.82069905598958, 35.21502685546875], "test_mse": [4.700538953145345, 6.22216796875, 6.3852488199869795, 2.5236032803853354, 7.206658045450847, 5.033336957295735, 3.8131068547566733, 6.7877349853515625, 4.451188087463379, 3.6956103642781577, 7.4842173258463545, 6.423203786214192, 1.8629549344380696, 5.100276947021484, 6.474232991536458, 3.3306093215942383, 7.23799196879069, 5.511434555053711, 3.3931700388590493, 7.01678466796875, 4.726847966512044, 3.608490308125814, 7.26614252726237, 3.726133346557617, 4.883406003316243, 7.646337509155273, 6.549885431925456, 1.5435190200805664, 5.361467997233073, 5.918376922607422, 4.286755243937175, 6.659565607706706, 6.191928863525391, 3.6381537119547525, 5.84022331237793, 5.486841201782227, 2.85424009958903, 7.206768035888672, 3.7232319513956704, 4.721513430277507, 8.906341552734375, 6.571235020955403, 2.091848373413086, 5.033032099405925, 6.14601198832194, 3.622307777404785, 6.389158248901367, 6.773570378621419, 3.368668556213379, 5.772568384806315, 5.866125742594401, 2.7184375127156577, 6.883113861083984, 3.7171974182128906, 5.453807830810547, 7.699738184611003, 6.383371988932292, 2.939080556233724], "train_gmm": [0.07762419163929259, 0.0775902775716988, 0.07754649985137767, 0.07759578029314677, 0.07757160550906879, 0.07755433022975922, 0.07755010352660535, 0.0775293998624669, 0.07749371230602264, 0.07752250225095847, 0.07747272905121501, 0.07745134900511233, 0.0774938690436729, 0.07749108235905136, 0.0774828443924586, 0.0774630230785371, 0.0774293471684401, 0.07746991018454234, 0.07742810638684283, 0.07741497957949323, 0.07743318265557365, 0.07743219639125623, 0.0774200310309728, 0.07742888467735327, 0.07740259956580535, 0.07738864421844482, 0.07741865052821788, 0.077373173519017, 0.07736999778197141, 0.07740267634286384, 0.0774057974799063, 0.07739497721195221, 0.07740223051286212, 0.07736257440098114, 0.0773579329252243, 0.07737746469039129, 0.07735746184213886, 0.07735943473302401, 0.07738035596082095, 0.07738351162496712, 0.07737538922435218, 0.07736954488797881, 0.0773455947637558, 0.07737694318518662, 0.07734967281234202, 0.07733305504895947, 0.07736907182959693, 0.07736890487357927, 0.07737743357817332, 0.07736434519290925, 0.0773601703051807, 0.07734479010105133, 0.07736559892626113, 0.07734815331248494, 0.0773355589288129, 0.07735936791779847, 0.0773868480902661, 0.07736451265019446], "test_gmm": [0.07760195930798848, 0.07755595942338307, 0.0775677611430486, 0.07749992112318675, 0.07752054433027904, 0.0775276670853297, 0.07760982712109883, 0.07753234604994456, 0.07739430665969849, 0.07749176522095998, 0.07737984756628673, 0.07747074961662292, 0.07759618759155273, 0.0774434506893158, 0.07764092584451039, 0.07740481197834015, 0.07740982870260875, 0.07743210593859355, 0.07738528152306874, 0.0773651401201884, 0.07741531729698181, 0.07749735812346141, 0.07745013137658437, 0.07728934288024902, 0.07739440600077312, 0.07732690374056499, 0.07736687858899434, 0.07750185330708821, 0.0773831953605016, 0.07755470772584279, 0.07739750544230144, 0.07734691103299458, 0.07737424472967784, 0.07733835279941559, 0.07728522022565205, 0.07737802962462108, 0.07748780151208241, 0.07742716372013092, 0.07726110517978668, 0.07731771965821584, 0.07739873727162679, 0.07729627192020416, 0.07742744187513988, 0.07734242578347524, 0.07752297818660736, 0.07742999990781148, 0.07732280095418294, 0.07735837499300639, 0.07730516294638316, 0.07728046178817749, 0.07737200955549876, 0.0774489442507426, 0.07740926742553711, 0.07726182043552399, 0.07731570303440094, 0.07738254964351654, 0.07727124293645223, 0.07743834455808003], "train_overshoot": [68.41319825163035, 73.5884651084999, 65.18356707449998, 55.851165771484375, 72.52335376899784, 68.14077758789062, 67.34717838004659, 68.50836030337773, 60.496856689453125, 72.44652567455947, 67.44678829877805, 58.404849956561996, 63.52248827334305, 72.06443381194332, 70.5313212076823, 62.36888574717684, 66.78189439361188, 66.36558024088542, 71.52844459878301, 65.56193973387981, 57.012224562624674, 73.25274336965461, 67.06280517578125, 69.68852081670089, 64.01963967464245, 64.01834615071614, 70.54210343164755, 70.19051412680798, 63.4313062928828, 60.43513087624826, 67.78012560011551, 72.47870381673177, 65.99303854720598, 67.63590471039392, 52.18077596028646, 71.39443018190276, 67.48561246682293, 57.58947988656851, 66.14488628663692, 72.26164966894406, 69.60027720276203, 64.27814888752388, 62.65508015950521, 69.83025225188062, 71.04397237823977, 67.32206834255456, 53.71849630220024, 71.0919232487371, 69.21497090657552, 65.41720886230469, 68.75873795489876, 60.78008524576823, 70.27511638484589, 70.6798247630462, 58.80877288685756, 61.63130719073407, 73.92749978804014, 67.4476035655541],