{"test_mse": [1340.53623046875, 2676.1546875, 1094.4078125, 2372.687890625, 1588.5135498046875, 980.47578125, 823.13876953125, 1172.4697265625, 1944.9630859375, 503.53720703125, 2849.04140625, 2318.4521484375, 2836.83359375, 2282.30625, 903.30810546875, 1171.5462890625, 1581.25078125, 1395.224609375, 2247.71484375, 1778.0951171875, 1337.110546875, 2667.818359375, 1095.275390625, 2363.2345703125, 1586.0113525390625, 980.66142578125, 824.93212890625, 1171.50166015625, 1938.430078125, 507.495751953125, 2842.3322265625], "train_gmm": [-6.831262705277424, -6.758858194156569, -6.834592829096502, -12.65726111070165, -6.957817581099302, -6.792197516025641, -6.729131639618235, -6.943753756009615, -81.56965637207031, -6.833174724968112, -6.78309288803412, -6.824942362677191, -11.14365355436467, -6.984871377750319, -6.732387620575574, -6.865845359051166, -6.8907295422676285, -41.410545349121094, -6.868565329527244, -6.758620518718274, -6.858599568895725, -9.87210862653969, -6.97237660933514, -6.76101173362151, -6.930706024169922, -6.83578851161859, -28.26368459065755, -6.92289889588648, -6.75687330596301, -6.812786298928802, -8.923445049085116], "train_mse": [51.522739955357146, 56.26045320471939, 46.66758419689119, 85.2431640625, 44.00660295050761, 53.48462039262821, 55.05772793170103, 43.98998397435897, 487.5032043457031, 51.64083924585459, 56.630500637755105, 46.0708762886598, 71.96229338842976, 44.2341159119898, 54.23164461096939, 52.687818774287564, 45.53958834134615, 265.39599609375, 49.30625, 56.58386044574873, 46.82403153335492, 65.36165602189782, 46.543965242346935, 52.146722319162436, 54.22270202636719, 45.919110576923075, 159.16080729166666, 47.44387755102041, 56.642124720982146, 46.27265725676546, 60.12280915912829], "train_loss": [44.691476004464285, 49.501594387755105, 39.83299263277202, 72.58590064858491, 37.048785989054565, 46.69242287660256, 48.32859817976804, 37.046228966346156, 405.93353271484375, 44.80766701211735, 49.84740712691327, 39.24593266752577, 60.8186418517562, 37.24924515704719, 47.49925761320153, 45.821972150259064, 38.648858173076924, 223.98544311523438, 42.437685296474356, 49.82523992703046, 39.965430699481864, 55.489546504333944, 39.57158801020408, 45.385712444479694, 47.29199727376302, 39.083323317307695, 130.89712524414062, 40.52097865513393, 49.88525390625, 39.45987032860825, 51.19936330694901], "test_gmm": [-258.934375, -216.3986083984375, -250.889111328125, -252.44677734375, -323.59124755859375, -299.327490234375, -264.2960205078125, -279.6357177734375, -284.8666259765625, -291.2489990234375, -252.6021484375, -237.212939453125, -246.363623046875, -267.924267578125, -290.4518798828125, -281.113818359375, -276.97490234375, -296.0789306640625, -252.361767578125, -245.284619140625, -259.8884033203125, -221.4271728515625, -253.5118408203125, -254.3457763671875, -324.0008850097656, -299.3095947265625, -265.9254150390625, -280.0788818359375, -284.8933349609375, -291.48427734375, -254.592236328125], "test_loss": [1081.60185546875, 2459.7560546875, 843.51875, 2120.241015625, 1264.92236328125, 681.148291015625, 558.8427734375, 892.833984375, 1660.096484375, 212.2882080078125, 2596.4392578125, 2081.2392578125, 2590.469921875, 2014.38203125, 612.85625, 890.432421875, 1304.27587890625, 1099.145703125, 1995.353125, 1532.810546875, 1077.22216796875, 2446.3912109375, 841.76357421875, 2108.8888671875, 1262.010498046875, 681.35185546875, 559.00673828125, 891.42275390625, 1653.53671875, 216.011474609375, 2587.7400390625]}