{"test_loss": [1.3211923306988131, 1.2986222767060802, 1.3002766916828772, 1.3238122609353835, 1.3395193607576432, 1.2584286712831068, 1.2792499119235623, 1.353484950527068, 1.312581217673517, 1.3377429954467281, 1.3152608271568051, 1.2784985742261332, 1.3173808743876796], "train_loss": [1.343692007116092, 1.2867103366441623, 1.2840385044774703, 1.3027934194892965, 1.3081608772277833, 1.251944624736745, 1.265723172567224, 1.2718612063315606, 1.2781159413758145, 1.2634961138489427, 1.2672671005290042, 1.2558574920059533, 1.278203119513809]}