{"train_loss": [17.344362562981203, 23.386098225911457, 22.079788429149684, 7.359954170558764, 3.5040064272673233, 30.80249908004982, 33.21372919497283, 5.659596982209579, 10.529102712437727, 10.200494075167006, 18.218639429064766, 6.839572630066803, 12.24245972564255, 5.545127647510474, 0.6006810837897701, 6.71374976116678, 4.233379751011945, 26.414955913156703, 4.659094547879869, 0.10130080623903136, 6.608726833177649, 32.295548591060914, 11.015534110691236, 22.89285455233809, 23.147613083106883, 5.96698716757954, 8.508350317028986, -0.8413819713868956, 123.14646036859347, 20.43267291525136, 3.438389653744905, 0.29910328077233356, 16.844482421875, 9.800982378531193, 20.140870467476223, 20.376167186792348, 1.8096068561940952, 4.724637128304744, 4.8063201904296875, 44.92869766898777, 16.812249667402625, 4.293443044026692, 9.302299610082654, 11.34732763318048, 5.3773772751075635, 10.605946195298348, 7.355017620584239, 1.4548103498375935, 4.358260776685632, 5.7672363502391875, 7.684198130731997, 28.080558445142664, 1.9173133407813916, 4.885797583538553, 14.751598413439764, 25.9786571557971, 11.717058928116508, 25.041056315104168, 10.27224466075068, 0.8154244906660439, 8.429495991140172, 5.911717069321784, 137.10934238752318, -0.024144932843636776, 4.855603535970052, 8.880462148915166, 7.27684153681216, 18.447011311848957, 9.060906893965127, 11.182490915491961, 4.10138265637384, -0.11464027736497961, 39.56413379613904, 16.331709046294723, 3.636758776678555, 8.844258184018342, 12.129321996716486, 8.908718164416326, 11.890609520069066, 7.286336484162704, 3.915915558303612, 3.2961714371390967, 5.691417528235394, 4.479513195977694, 22.287942195284195, 1.1441062153249546, 0.3748531065125396, 5.001841558926348, 28.5645946557971, 26.487377222033516, 12.041298686594203, 21.342167066491168, 3.3056498541348223, 5.897488137950068, 7.891745304715807, 126.25786934535888], "test_mse": [7.34648729407269, 0.22794404237166696, 19.191066576086957, 9.279030177904213, 0.1136697064275327, 5.773866736370584, 2.613082222316576, 8.047681725543478, 2.6886276576829995, 6.205738233483356, 19.86793053668478, 42.85361646569294, 0.16090505019478177, 8.520173445991848, 15.392523724099863, 0.1079977387967317, 0.11325757399849269, 8.494902901027514, 9.642686926800272, 14.984033999235734, 5.738539985988451, 4.932981408160666, 6.553389176078465, 4.151415285856827, 0.24371957778930664, 34.3843118418818, 9.096331389054008, 0.08843939200691554, 20.074371337890625, 4.315306290336277, 25.177230171535324, 9052.213541666666, 50.02066703464674, 9.20721966287364, 0.21535576944765839, 31.14824377972147, 13.19711569081182, 0.12803728684135104, 0.09026763750159222, 21.577513321586277, 0.09914283130479895, 0.0726181527842646, 0.16934081782465396, 6.159624846085258, 0.14327579995860223, 0.08536110753598421, 13.491330354110055, 4.987211476201597, 8.411079075025475, 0.0600349177484927, 5.477348659349524, 0.09309078299480936, 0.16251938239387845, 0.16016969473465628, 7.833977740743886, 0.11073079316512398, 23.57533595872962, 5.516478165336277, 0.10692024230957031, 0.2878861841948136, 34.39201554008152, 0.10449551499408224, 0.050753183986829674, 7.605460125467052, 0.04009773420250934, 3.5192718505859375, 27.930695906929348, 8.278868965480639, 9.834656425144361, 0.06834283082381538, 5.31326028575068, 2436.15412808642, 2.2513127534285835, 10.108020284901494, 0.14017956153206204, 0.13041801037995712, 0.10251449502032736, 0.07810212736544402, 47.10313879925272, 2.462776515794837, 3.046491539996603, 8.145652439283287, 5.9867115850033965, 6.843136994735055, 3.9512123439622964, 3.8741634203040083, 4.72279225225034, 0.09670648367508598, 10.087179432744565, 18.904534381368887, 0.07491660636404286, 10.278983738111412, 10.066219163977582, 7.935343866762907, 3.7881466409434443, 0.06566389747287917], "train_mse": [16.08250493588655, 22.15998199020607, 20.887853650079258, 6.207454736681952, 2.3868182223776113, 29.72392295063406, 32.18159728119339, 4.69153318543365, 9.632151506949162, 9.44205883965976, 17.650272092957426, 6.497368411741395, 12.33420507458673, 5.79798778589221, 1.3369729207909626, 7.62272080131199, 5.135490970335145, 27.463521321614582, 5.933787221493929, 1.445846944615461, 7.911741837211277, 33.523124363111414, 12.467881797016531, 24.061869303385418, 24.461016226505887, 7.1889463784038155, 9.773734272390172, 0.20644382808519446, 122.9825215242347, 21.720672607421875, 4.750321319137794, 1.7983544391134512, 18.14733355978261, 11.287048560985621, 21.349113574926402, 21.446944527004074, 3.360796278801517, 6.276364533797555, 6.366652226102525, 46.16140879755435, 18.262678948001586, 5.516880422398664, 10.773807249207428, 12.826793725939764, 6.840420266856318, 12.139135388360508, 8.463683860889379, 2.8509749260501587, 5.889027581698652, 7.159060160319011, 9.36884009319803, 29.34171195652174, 3.430427993553272, 6.468448030775872, 16.36595618206522, 27.367933190387227, 13.328546717546988, 26.54464544766191, 11.361329672993094, 2.3913197448288184, 9.7272252621858, 7.026896158854167, 137.12389978185877, 1.574764130772024, 6.444270147793535, 10.41322193975034, 8.914681697237318, 19.934438069661457, 10.303737474524457, 12.652527740036232, 5.766444275344628, 1.5691315298495085, 41.021928427875906, 17.661623747452445, 5.012823574784873, 10.317427483157836, 13.660004988960598, 10.353292050568953, 13.451389036316803, 8.560082477072012, 5.267373015915138, 4.677853902180989, 7.13720006528108, 6.176214356353317, 23.634852312613226, 2.6581607763318047, 2.00254600117172, 6.6840230969415195, 30.054708729619566, 28.03615183070086, 13.388811857804008, 22.703052465466484, 4.892877551092618, 7.408281188080276, 8.915938999341881, 126.42701055919527], "test_loss": [8.58275836447011, 1.4321488090183423, 20.353645656419836, 10.407632578974185, 1.2002793187680452, 6.817981222401494, 3.603731901749321, 8.982009887695312, 3.5052311109459917, 6.842715056046195, 20.2817555303159, 42.99025560461956, -0.496431184851605, 7.950426848038383, 14.506026558254076, -0.7680836553158967, -0.9417666559634001, 7.363014552904212, 8.240363079568613, 13.518595819887908, 4.344074746836787, 3.3121298085088315, 5.196324887483017, 2.790664341138757, -0.8481152575948964, 33.2370897376019, 7.809811135996943, -1.3224610867707625, 18.810477878736414, 2.966844309931216, 23.99090045431386, 9150.525297619048, 49.00847061820652, 7.917614480723506, -1.7182071519934612, 30.11772620159647, 11.740157417629076, -1.238074427065642, -1.3273957293966543, 19.851255997367527, -1.2068850475808848, -1.6554117617399797, -1.3930262690005095, 4.5533098967179, -1.3893499789030657, -1.4736228611158289, 12.065844991932744, 3.538266389266304, 6.759100872537364, -1.6602269048276155, 4.1112498407778535, -1.7277541782545007, -1.3607565838357676, -1.4614589525305706, 6.2862071161684785, -1.685274538786515, 22.13034853727921, 3.845096090565557, -1.6824304331903872, -1.1793009716531504, 33.01932426120924, -1.443310779073964, -1.7285816358483357, 5.910401054050611, -1.773491735043733, 2.299700861391814, 26.568587593410324, 6.620665177055027, 8.425909954568613, -1.6985639489215354, 3.501561040463655, 2461.901813271605, 0.7259828318720278, 8.73253001337466, -1.0909857542618462, -1.0515413698942766, -1.3482551574707031, -1.6239955736243206, 45.80949070142663, 0.9714337224545686, 1.6653389308763586, 6.4679412841796875, 4.679306361986243, 5.252085810122282, 2.1398730070694634, 2.442271854566491, 3.259669428286345, -1.357772744220236, 8.493895157523777, 17.565789264181387, -1.70575299470321, 8.699255238408627, 8.55200726052989, 6.451981254245924, 2.2576640585194463, -1.7451979595681895],