{"train_mse": [93.42158344655797, 95.01063946353436, 92.11146412037037, 95.7771622147303, 94.06395604271809, 111.71617719580564, 93.37135023584905, 90.78785930907173, 85.09519287463715, 878.8241489955357, 90.6843739011955, 90.21616669701383, 93.64792083508846, 96.48721973849749, 104.0715423053024, 96.56921507213363, 87.30171907620041, 85.14802060489767, 321.44966947115387, 94.00022067589876, 93.05912693886862, 88.21990411931819, 97.25717067988668, 101.22860210421888, 97.5162998540856, 87.25631560956245, 92.03589359690201, 189.9872468847352, 92.81782384072581, 98.73595717176259, 86.0565085521082, 96.0220632868705, 102.94287756105132, 95.5987129837764, 85.74844087716139, 88.65318258327427, 150.10753348214286, 95.07323556424265, 91.08439418859649, 93.09523600521669, 87.83743006277292, 106.77449649959415, 98.55728651602057, 84.27172330636557, 84.72288766952177, 119.94615972888676, 92.59034038104089, 95.8924324912892, 88.28469485734237, 88.39156838533974, 108.27994372990354, 95.07607320068163, 85.07984649122807, 82.34658422338885, 103.30840061802233, 95.1872684968117, 93.67590673009776, 91.06206119893952, 89.61010215003724, 99.96962559194948, 101.30804025855049], "test_loss": [1131.6939871651787, 2616.40625, 718.5932942708333, 1795.2952586206898, 2517.350674715909, 301.1448496942935, 1142.465731534091, 1901.2076171875, 176.15921456473214, 2678.5049342105262, 3427.2892628205127, 1241.164700255102, 793.2728693181818, 1381.5924899193549, 1096.040771484375, 2035.4832356770833, 3517.785714285714, 740.8098733836207, 662.5893147786459, 3281.1993885869565, 3478.284114583333, 2728.549278846154, 11069.90625, 872.9858530405405, 1538.0460069444443, 929.615340909091, 3940.31875, 1046.3648726851852, 975.9502766927084, 130.9431396484375, 1709.8271059782608, 1447.553653492647, 2579.5385890151515, 2292.5334201388887, 1117.7171006944445, 1197.9021484375, 2558.9309895833335, 3531.7470703125, 3830.0546875, 1813.0625, 5466.4, 1616.2572443181818, 865.7434172453703, 1452.3055419921875, 2250.7153532608695, 133.250732421875, 1366.2902960526317, 2028.8782894736842, 177.22590095766128, 3654.19970703125, 2367.3605902777776, 1512.1303191489362, 1386.8759765625, 512.9929865056819, 692.9636314655172, 2768.0872713414633, 2410.7817887931033, 438.7743467133621, 2603.6598772321427, 2504.831280048077, 1436.1131465517242], "test_gmm": [16.53397478376116, 27.506765654592805, 29.69352823893229, 30.041285021551722, 38.819494074041195, 35.88126804517663, 36.59166370738637, 19.499981689453126, 27.570776803152903, 19.629701313219574, 18.37878887469952, 14.536272321428571, 12.362295809659091, 22.12070785030242, 26.323705037434895, 12.386734008789062, 27.273004441034224, 18.189314217403016, 21.90314229329427, 18.738701861837637, 11.035757446289063, 6.252659724308894, 14.294880793644833, -0.9380514815046981, -2.9781855830439814, -5.289171808416193, -1.371616690499442, -18.880720350477432, -13.860491434733072, -20.270755004882812, -11.323361604110055, -26.723894904641543, -13.795086484966856, -18.488468876591437, -10.003133816189235, -25.616799926757814, -8.54535638718378, -33.440050760904946, -24.680130004882812, -21.239116850353422, -60.182684326171874, -7.863164173473011, -19.1294103551794, -17.91487693786621, -22.624795664911684, -20.451259765625, -33.75797954358553, -14.217646548622533, -15.363316689768146, -13.877511024475098, -8.868122016059028, -10.691241974526264, -13.730668640136718, -13.151953957297586, -22.152474238954742, -13.568028891958841, -21.741446659482758, -21.881194016029095, -42.573839460100444, -21.26758751502404, -19.96299796268858], "test_mse": [1115.1600167410713, 2588.899384469697, 688.8997395833334, 1765.25390625, 2478.53125, 265.26358695652175, 1105.8740234375, 1881.7076171875, 148.58843122209822, 2658.8752055921054, 3408.910657051282, 1226.6284279336735, 780.9105823863637, 1359.4717741935483, 1069.717041015625, 2023.0965169270833, 3490.512648809524, 722.6205549568965, 640.6861572265625, 3262.460597826087, 3467.2484375, 2722.2966746794873, 11055.611778846154, 873.9238809121622, 1541.0241608796296, 934.9045454545454, 3941.6901785714285, 1065.2455873842594, 989.810791015625, 151.2138916015625, 1721.1504755434783, 1474.2775735294117, 2593.3335700757575, 2311.021846064815, 1127.7202256944445, 1223.5189453125, 2567.4763764880954, 3565.1871744791665, 3854.734809027778, 1834.301525297619, 5526.5828125, 1624.1204545454545, 884.8728298611111, 1470.220458984375, 2273.340183423913, 153.7019921875, 1400.0483141447369, 2043.096011513158, 192.5892137096774, 3668.0771484375, 2376.2286458333333, 1522.821642287234, 1400.606640625, 526.1449307528409, 715.1161099137931, 2781.6552972560976, 2432.5231681034484, 460.65554283405174, 2646.233816964286, 2526.098858173077, 1456.076104525862], "train_gmm": [1.3629838141842165, 1.2933388558878638, 1.339143382884838, 1.4690975205037604, 1.242062877388248, 1.3915306420817328, 1.2340268001916272, 1.1275659231193962, 1.1378657502948113, 6.855105263846261, 1.0537304241110672, 1.0531755796072697, 1.1964897020785068, 0.9987198413489621, 1.1036521070933876, 0.955803409886342, 0.8308318688293754, 0.8142995109335024, 2.537506103515625, 0.7209027766831553, 0.6080725454065922, 0.5092994640399884, 0.31502329796637085, 0.1913426270958973, -0.03441465355542847, -0.2959556714194546, -0.4975477103197609, -1.2204323646806854, -0.5003576418521467, -0.4097260619238984, -0.65127888803171, -0.5625939458394222, -0.7404286971944847, -0.6745375453540363, -0.6235351122765445, -0.6158830303405718, -1.0654374622163318, -0.6642206072717478, -0.630624785841557, -0.7572633550408181, -0.6779627459885599, -0.8200145077395748, -0.7930053759224808, -0.6803205986619844, -0.7112900967431187, -1.002288642634357, -0.7372858550911943, -0.679953566494719, -0.8401196990504041, -0.7393936991163336, -0.8206952453809536, -0.8448034560288442, -0.6925678239788925, -0.736036672184728, -0.8615918319191088, -0.7545193259374414, -0.6975020509858371, -0.8344330049741016, -0.7538178558235992, -0.823954087688684, -0.8459473898822399], "train_loss": [94.78456465126811, 96.30397528050491, 93.45060763888888, 97.24625907676348, 95.3060224405191, 113.10771062603821, 94.60537735849057, 91.91542776459212, 86.23305968795356, 885.6792689732143, 91.73810544127988, 91.26934347687545, 94.84441146272114, 97.4859363767074, 105.17519547431648, 97.52501542331055, 88.13254882132915, 85.96231953581871, 323.98719200721155, 94.72112011647101, 93.66719890510949, 88.72920365767045, 97.57219369688386, 101.41994308688388, 97.48188533560311, 86.96035859209597, 91.53834485320606, 188.7668175623053, 92.31746586326979, 98.32623089028777, 85.40522760043756, 95.45946773830936, 102.2024491670116, 94.92417477032838, 85.12490712806196, 88.03729901222538, 149.04209449404763, 94.40901410606631, 90.4537691885965, 92.33797213583468, 87.1594682496361, 105.9544820413961, 97.76428068136867, 83.59140236041964, 84.0115988579586, 118.9438729606526, 91.85305529739777, 95.21248094512195, 87.44457676576216, 87.65217642171343, 107.45924814107717, 94.23127067461908, 84.38727796052632, 81.61054885499638, 102.44680771531101, 94.43274978900975, 92.97840105621508, 90.22763035153181, 88.85628606664184, 99.14567198599053, 100.46209219767915]}