{"test_loss": [8.70379107931386, 1.621956203294837, 20.749726668648098, 10.211559793223506, 1.2489408410113791, 6.870742134425951, 3.695611704950747, 9.011255015497623, 3.6675113180409307, 6.85552514117697, 20.570646866508152, 43.70139213230299, 0.6221480162247367, 9.112447987432065, 15.28027874490489, -0.1854400220124618, -0.719435982082201, 7.839077493418818, 8.408370971679688, 13.475467847741168, 4.572378739066746, 2.8185106360394023, 4.35012386156165, 2.4888187906016475, -0.4994432615197223, 32.9701856530231, 7.859175308890965, -1.0527297310207202, 19.22250100840693, 3.204207047172215, 24.102446182914402, 9146.40625, 48.02119246773098, 8.033792910368547, -1.4156928684400476, 29.86948295261549, 11.796146558678668, -1.1498948802118716, -1.1780362336531929, 19.79189400050951, -0.9141734579335088, -1.4496982408606487, -1.2619186069654382, 4.575600665548573, -1.2355914737867273, -1.2978325719418733, 12.220728335173234, 3.737345488175102, 7.05834496539572, -1.465978539508322, 4.279300523840862, -1.5097443953804348, -1.1952400207519531, -1.302208610202955, 6.382856949515965, -1.470256639563519, 22.23468017578125, 4.06881448496943, -1.475409466287364, -1.0098714413850203, 33.21804146144701, -1.2711034857708474, -1.5271276391070823, 6.090480638586956, -1.5693228348441746, 2.5077527916949727, 26.631666100543477, 6.756899626358695, 8.509353637695312, -1.4885996942934783, 3.6776056704313858, 2473.499421296296, 0.9463225654933763, 8.844677469004756, -0.9034795346467391, -0.902564173159392, -1.1628669241200322, -1.4384977921195652, 46.16957689368206, 1.1617445738419243, 1.8338060793669329, 6.561873726222826, 4.863099471382473, 5.517933057702106, 2.346332715905231, 2.620100270146909, 3.4211001188858696, -1.169690754102624, 8.577194877292799, 17.66701474397079, -1.5222244262695312, 8.908591892408287, 8.745969689410666, 6.631315148395041, 2.39696220729662, -1.5344765704611074], "train_loss": [14.235492651013361, 21.898084557574727, 20.566253219825633, 7.991076262100883, 4.059115313101506, 26.897728076879527, 33.73008396314538, 6.550326361172441, 11.566159676814426, 8.383041271265002, 20.296150539232336, 7.046242534250453, 15.512388367583787, 6.2803412174833, 2.363476462986158, 9.380762293718863, 3.4783084150673687, 22.37950200619905, 7.446210999419724, 0.8428405817004218, 6.923495969910553, 23.17663242505944, 9.671208699544271, 21.477592578832652, 19.918511432150137, 5.972216509390568, 7.860614610754925, -0.7531521009362262, 1124.0306157552686, 17.473508088485055, 2.9929895815641983, -0.07883378733759341, 16.769322934358016, 5.196235546167346, 16.763533661330957, 16.33370197683141, 0.4003429412841797, 4.241239133088485, 3.858277804609658, 47.760741302932516, 15.036847543025363, 2.9505877840346186, 13.082043633944746, 13.503322435461957, 5.4642211250636885, 8.716891247293223, 7.086873482966769, 0.9392014931941378, 3.6259205030358355, 6.625553075818048, 5.296834254610365, 25.682315549988676, 1.5797124116317085, 5.071478359941123, 11.182189056838768, 23.521567082059555, 11.263546708701313, 18.653845137444094, 8.848574983900871, 1.7429885311403137, 7.899370055267776, 5.338030386662138, 136.26239772364912, 0.7627647510473279, 3.7749664196069688, 7.832157300866169, 8.981294272602469, 21.897618832795516, 10.213103584621264, 10.288180586220562, 4.3661586927331015, 0.8640991155652032, 46.40832342617754, 16.319333062655684, 3.8435141521951426, 7.05333079462466, 7.464710733164912, 8.741893381312273, 12.228680596835371, 6.960869388303895, 3.9473560720250225, 3.425324647322945, 7.1728831857874775, 4.597580619480299, 25.202715445255887, 1.1695026452990547, 0.5510305874589561, 3.644338303718014, 26.85358727496603, 18.201099340466484, 12.155420275701992, 19.153770557348277, 3.36549673218658, 6.834339749985847, 4.921812969705333, 124.89327657554499]}