{"train_loss": [16.922449526579484, 19.674749402032383, 16.943554422129754, 7.638941668081975, 4.742151011591372, 33.34488136180933, 29.920285432235055, 8.421666905499887, 9.665961002957994, 8.967733631963315, 20.74961875141531, 10.172955941462863, 11.463062894517098, 7.649345066236413, 2.094573255898296, 8.270964802175328, 2.8406766532123955, 24.596363454625227, 6.882674728614696, 0.12632256659908572, 10.433834352355072, 30.77967723901721, 9.895826035651607, 23.553357110507246, 19.213091421818387, 5.362625785495924, 7.081022124359573, -0.7039365630218948, 1124.0257758598823, 17.212598275447238, 2.724802763565727, 0.8159899780715721, 16.82279105808424, 5.964217586793762, 17.472283183664516, 14.152705800706062, 0.6465626592221467, 3.6657443392104, 4.984045719754869, 34.034266375113226, 12.575300437816676, 5.249863113182179, 9.37379068568133, 14.55998782835145, 4.940007859382076, 11.697011090707088, 7.814655469811481, 1.6391275101813718, 2.637417890023494, 10.427746427231941, 8.027370729308197, 16.343326347461645, 0.4014540686123613, 3.6944690649060234, 16.188989832781363, 26.04276706861413, 10.736719988394475, 23.953259011973504, 8.348413439764492, 1.8380010300788328, 5.582333550936934, 5.473596324091372, 133.35876079835344, 0.21130548007246377, 3.7808158985082656, 6.999810923700747, 6.069334610648777, 19.677919691887453, 9.956211255944293], "test_gmm": [1.2563892032789148, 1.2314195218293562, 1.1986229938009512, 1.1656166574229365, 1.1388068821119226, 1.1095516370690388, 1.0625103660251782, 1.026464793993079, 0.9921014205269192, 0.9547197922416355, 0.9038991513459579, 0.851520123689071, 0.7885076274042544, 0.6625970342884893, 0.5081326857857082, 0.3399882109268852, 0.03072332299273947, -0.47896136408266815, -0.93347109919009, -0.940840596738069, -0.9570943583612856, -1.2416915064272673, -1.0948532767917798, -1.1504301817520806, -0.8501850625743037, -0.8873320040495499, -1.129485503486965, -1.2049710646919582, -1.0845855215321416, -1.16742001409116, -0.982403796652089, 83.63189987909226, -0.9071916497271993, -1.1349179641060207, -1.3532717331596043, -0.9992987591287364, -1.2114970995032268, -1.2011727042820142, -1.2049468496571416, -1.4321182914402173, -1.1018567292586616, -1.4466634004012398, -1.3328714785368547, -1.3780923097029976, -1.2964037190312925, -1.308616472327191, -1.1989690531855044, -1.2376770351244055, -1.3653178007706352, -1.4431157319442085, -1.1513568214748218, -1.5075978818147078, -1.2878752998683765, -1.3867835998535156, -1.3040947292162024, -1.485441788383152, -1.2175816245701, -1.3955308665399966, -1.4821526900581692, -1.2165049677309783, -1.1756983217985735, -1.2826292618461277, -1.4900627136230469, -1.4186169168223506, -1.5153546540633491, -1.0014937027640964, -1.178436279296875, -1.3804216799528704, -1.210311806720236], "train_mse": [15.646437050639719, 18.423069608384285, 15.719751330389492, 6.451573468636775, 3.5824024366295855, 32.21318695510643, 28.825044051460598, 7.375363446664119, 8.656408779862998, 7.985040968742924, 19.816894973533742, 9.278566222259963, 10.64753148175668, 6.918773374695709, 1.431822417438894, 7.788916435794554, 2.5764454171277476, 24.752641318500906, 7.519118378127831, 1.0157105646271636, 11.046599457229393, 31.553317304970562, 11.005711431088654, 24.502739505491395, 20.272612198539402, 6.305310456649117, 8.149992348491281, 0.14957374075184698, 1104.735252592692, 18.343061806499094, 3.8608616262242412, 2.0265471969825635, 17.884890349014945, 7.107380189757416, 18.575902081918024, 15.173372586568197, 1.8969887996065444, 4.937601669974949, 6.285137674082881, 35.10732324572577, 13.809839884440104, 6.258512745732847, 10.610868592193162, 15.784863679305367, 6.16638205707937, 12.988475633704144, 8.749247233072916, 2.8264417786529097, 3.9445225812386777, 11.596616883208787, 9.467317442963088, 17.45384413608606, 1.7310708156530408, 5.034983095915421, 17.544501263162363, 27.21128867329031, 12.092720805734828, 25.214591648267664, 9.31603473165761, 3.1599413001019023, 6.711885092914969, 6.463192041369452, 133.04532907800905, 1.564865571865137, 5.125393853671309, 8.315657905910326, 7.456680518993433, 20.91017526820086, 11.019744209621264], "test_loss": [8.499061916185463, 1.33849923507027, 20.532341998556387, 10.446731567382812, 1.454387498938519, 6.76457811438519, 3.645150557808254, 8.936721801757812, 3.72877369756284, 6.950769839079483, 20.93883348547894, 43.7922018299932, 0.9932321465533712, 9.28578584090523, 15.916750700577445, 0.595995571302331, 0.13457344925921896, 8.146054475203805, 8.839453655740488, 13.391224736752717, 4.818781313688858, 2.893772622813349, 4.471628603727921, 2.546706821607507, -0.5263111280358356, 33.05314569887908, 7.91583251953125, -1.0886678281037703, 19.061135996942934, 3.382186226222826, 24.02880859375, 9139.327380952382, 48.43393873131794, 8.034870976987092, -1.2311038141665251, 30.147012461786684, 11.933573847231658, -1.0801358430281929, -1.0869446630063264, 20.071957795516305, -0.9778173695439878, -1.3326276696246604, -1.1727667269499407, 4.754522572393003, -1.1342674752940303, -1.2266907069994055, 12.41860696543818, 3.804232390030571, 7.015462460725204, -1.3797499615213145, 4.400421474290931, -1.3768282351286516, -1.1157923988674, -1.183638282444166, 6.446026345957881, -1.368004674496858, 22.362936268682066, 4.090934421705163, -1.3859686644180962, -0.9331380595331606, 33.219174592391305, -1.1749927686608357, -1.4351121653681216, 6.14166259765625, -1.467251155687415, 2.5403585019318955, 26.754569675611414, 6.917556099269701, 8.619643501613451], "test_mse": [7.242672464121943, 0.10707973397296408, 19.333719004755434, 9.281114661175272, 0.31558057536249573, 5.655026643172555, 2.5826402747112773, 7.910257090692935, 2.7366721111795176, 5.9960499639096465, 20.03493466584579, 42.940681789232336, 0.2047245398811672, 8.623188848080842, 15.408618429432744, 0.2560073603754458, 0.10385012626647949, 8.625015922214674, 9.772924672002377, 14.332065748131793, 5.775875589121943, 4.135464212168818, 5.566481880519701, 3.6971369204313858, 0.3238739138064177, 33.94047745414402, 9.045317940090014, 0.11630319512408713, 20.145721435546875, 4.5496063232421875, 25.01121189283288, 9055.69568452381, 49.341128141983695, 9.169789189877717, 0.12216795009115468, 31.14631188434103, 13.14507127844769, 0.12103681978972061, 0.11800221774889075, 21.504076086956523, 0.12403932861659837, 0.11403569967850395, 0.1601047308548637, 6.132614799167799, 0.1621362126391867, 0.08192574977874756, 13.617576267408287, 5.041909591011379, 8.380780427352242, 0.06336579115494438, 5.551778378693954, 0.13076961558798086, 0.17208290100097656, 0.20314529667729916, 7.750121406886889, 0.11743715535039487, 23.580518639605977, 5.486465122388757, 0.0961840360060982, 0.283366928929868, 34.39487357761549, 0.10763647245324176, 0.054950532705887505, 7.560279514478601, 0.048103529474009636, 3.5418522046959917, 27.933004628057066, 8.297977613366168, 9.829955391261889],