{"test_loss": [19.668087005615234, 26.959401448567707, 24.813255310058594, 11.907039642333984, 28.79596201578776, 22.131930033365887, 16.762217203776043, 27.38880666097005, 18.824839274088543, 17.54853693644206, 30.442649841308594, 24.989351908365887, 8.832593282063803, 22.66083526611328, 28.09528096516927, 12.690603892008463, 31.046803792317707, 21.72662353515625, 15.246851603190104, 27.748514811197918, 21.253523508707683, 15.606483459472656, 29.481046040852863, 15.988238016764322, 21.730562845865887, 31.462244669596355, 25.47760518391927, 7.048206965128581, 24.07129160563151, 25.606369018554688, 18.395145416259766, 28.32672882080078, 25.006861368815105, 15.956642150878906, 23.488446553548176, 23.561927795410156, 13.4473025004069, 29.62977345784505, 15.26669692993164, 20.566258748372395, 37.669158935546875, 25.7285639444987, 8.9067751566569, 22.311986287434895, 27.122843424479168, 15.637662251790365, 26.801549275716145, 27.58250681559245, 14.537549336751303, 23.569791158040363, 25.126063028971355, 12.798052469889322, 28.22997283935547, 15.100865681966146, 23.97046407063802, 32.644920349121094, 24.89923350016276, 12.557179768880209, 22.23669179280599, 24.564539591471355, 21.08179473876953, 22.407491048177082, 29.2772699991862], "train_overshoot": [21.920154437401795, 23.458613540187027, 20.849980459725277, 19.63570785522461, 22.642178934562107, 21.998046875, 21.9350509722394, 22.217242298162493, 20.36213556925456, 22.807778599048675, 22.330907120663895, 19.323174174066377, 20.62455806602426, 23.269585614043155, 22.8706537882487, 20.597509857700267, 21.54176137221597, 22.227699279785156, 22.862210731222806, 21.544797015446488, 19.23457582622555, 23.496876499109103, 21.34288787841797, 22.41716120364892, 21.152938044444127, 21.135860443115234, 22.029953429310037, 22.87550268756996, 20.289223489882072, 20.26982680190604, 21.919883346897908, 23.126243591308594, 21.94821998959496, 21.9728892352462, 17.102994283040363, 22.371420157553526, 22.594706677966474, 19.505471743070164, 21.540267335962128, 22.87018159144799, 22.687314194386943, 21.041983379225506, 20.572519938151043, 21.52755067518633, 23.187573443059538, 21.320897223950798, 18.817356789870765, 22.517793071000067, 22.36572519938151, 21.68021779378255, 22.355824717826582, 19.688265482584637, 22.649402949363676, 23.076108560933694, 19.867277793008153, 20.41171099950397, 23.177003364901427, 22.117727178010004, 21.306438135122438, 21.03066914025045, 21.59075637757944, 23.50012722114315, 20.768586485428447], "test_overshoot": [19.19738260904948, 26.350914001464844, 24.192006429036457, 11.643325805664062, 28.09753926595052, 21.631080627441406, 16.372180938720703, 26.72546895345052, 18.377745310465496, 17.169180552164715, 29.715532938639324, 24.36462910970052, 8.633740107218424, 22.1590092976888, 27.464808146158855, 12.35488510131836, 30.349199930826824, 21.187896728515625, 14.89736557006836, 27.069773356119793, 20.777884165445965, 15.242253621419271, 28.771868387858074, 15.613113403320312, 21.24158223470052, 30.718472798665363, 24.839487711588543, 6.880439758300781, 23.546620686848957, 25.027516682942707, 17.964881896972656, 27.68284861246745, 24.408668518066406, 15.584957122802734, 22.916427612304688, 23.01824442545573, 13.158157348632812, 28.928571065266926, 14.887603759765625, 20.09026845296224, 36.81198374430338, 25.086893717447918, 8.685404459635416, 21.819430033365887, 26.521631876627605, 15.271284739176432, 26.18140411376953, 26.931838989257812, 14.192164103190104, 23.00378672281901, 24.54729715983073, 12.522528330485025, 27.558787027994793, 14.723419189453125, 23.424275716145832, 31.90088653564453, 24.27581024169922, 12.2536989847819, 21.739730834960938, 24.00469970703125, 20.634741465250652, 21.895065307617188, 28.583099365234375], "train_loss": [22.449260714889075, 24.018433211685775, 21.355915916195347, 20.08993403116862, 23.188110740512027, 22.514750162760418, 22.45519170769555, 22.757633981287594, 20.85699717203776, 23.347971412333795, 22.86724436181223, 19.78600687794871, 21.108486648284273, 23.830619185443084, 23.40088399251302, 21.088104681032398, 22.069664707194278, 22.731951395670574, 23.40344968504603, 22.06006889148965, 19.68822655594787, 24.062138473778443, 21.845537821451824, 22.937618450526774, 21.667542680824713, 21.645248413085938, 22.557686003556487, 23.422202427672115, 20.77696188937619, 20.74317540203334, 22.446516496951546, 23.665626525878906, 22.466430894867713, 22.508394897591984, 17.512579600016277, 22.903618369763578, 23.13385877966463, 19.9641236720941, 22.053073471383197, 23.415059610904603, 23.21313675921172, 21.54825867390717, 21.07228724161784, 22.04103607938706, 23.739655474675516, 21.83581889323196, 19.249840220191153, 23.063329824030518, 22.884775797526043, 22.192285054524742, 22.89531094920879, 20.16788101196289, 23.18185379516044, 23.6291527686181, 20.3382044673188, 20.895926484607514, 23.73080508155968, 22.62942667768341, 21.817180374085467, 21.538082704849987, 22.10891752078524, 24.05735800678275, 21.27022836670906], "train_gmm": [0.0011973459084299505, 0.0011062921020827253, 0.0010611658411578066, 0.0012250544968992472, 0.0012656170122210635, 0.0011832750557611387, 0.0011328224770247425, 0.00106561687326879, 0.0010114394438763459, 0.0010890691860465445, 0.0010393565464924034, 0.0010041322342558415, 0.0011071826271267639, 0.001105173325598024, 0.001060415447379152, 0.00104732745562651, 0.0009798864609973233, 0.0010371499229222536, 0.001010465921047093, 0.001003317775133097, 0.0010317433121068335, 0.0010760021559371236, 0.001031589616710941, 0.001059358283523878, 0.0010240021198907588, 0.001006059969464938, 0.0010680822285671606, 0.0009939494030935996, 0.0009774700763751543, 0.0010415511986011825, 0.0010382252523923137, 0.0010160005185753107, 0.001062408765824903, 0.000991276019441301, 0.0009665501614411672, 0.0010206443355157751, 0.0009967717502694813, 0.000988806488040166, 0.001048650261984073, 0.0010317352696997217, 0.0010267678841496643, 0.0010344335377631276, 0.0009892897214740515, 0.0010531404477806523, 0.0010070540421508085, 0.0009764554669943161, 0.0010204481137898842, 0.0010312184208684262, 0.001027297539015611, 0.0010315190048681365, 0.0010214929209806684, 0.0009873601763198774, 0.0010307620515511054, 0.0010068516712635756, 0.0009704324404387039, 0.0010188375814706302, 0.0010527370760809861, 0.001008566212040046, 0.0010537495837924335, 0.0009759534256873104, 0.0010425697314528604, 0.0010034331553922004, 0.000958179807983163], "train_mse": [0.5279085084188169, 0.5587139119317521, 0.5048741422574342, 0.45300106207529706, 0.5446658785603627, 0.5155204137166342, 0.5190087514955596, 0.5393267691507834, 0.49385011196136475, 0.5391033444985769, 0.5352986093260285, 0.4618284351381905, 0.4828220112582559, 0.559928810538877, 0.5291702349980673, 0.4895467251185323, 0.5269235028030446, 0.5032161076863607, 0.5402282318978939, 0.5142690880391715, 0.45261854113954486, 0.5641865793027375, 0.501617431640625, 0.5193977538686599, 0.5135814548181742, 0.508381724357605, 0.5266651871187468, 0.5457061426552244, 0.48676054085357284, 0.4723068352754651, 0.525595749661641, 0.5383673508961996, 0.5171475236155406, 0.5345136780157821, 0.4086191654205322, 0.5311784370810585, 0.5381547815874882, 0.45766364427713246, 0.5117579265257511, 0.5438466879826903, 0.5247949059967836, 0.5052410453972906, 0.4987781047821045, 0.5124317684703859, 0.551075023895195, 0.513944610109869, 0.43146305573985644, 0.5445064222891237, 0.5180239280064901, 0.5110347345140246, 0.5384644148301105, 0.47862788041432697, 0.5314204137619227, 0.5520375507734555, 0.4699569073321285, 0.48319623312048754, 0.5527492580305035, 0.5106918497515642, 0.5096883807978381, 0.5064372543178011, 0.5171184013071628, 0.5562284134009026, 0.5006847118054852],