{"train_mse": [5.412221717566211, 5.5959588913690474, 5.0341581360485375, 4.52884578704834, 5.455859779977665, 5.174491882324219, 5.200778546148885, 5.384625025787809, 4.933198928833008, 5.39669390046824, 5.362985464242789, 4.627107437407447, 4.836737314860026, 5.642794493891767, 5.316082000732422, 4.892578721540272, 5.268016904967694, 5.018379847208659, 5.3854960239294805, 5.150458086528681, 4.54125355905598, 5.644842281676175, 5.046960194905599, 5.2057683578082825, 5.146970830174583, 5.098127365112305, 5.293074484750734, 5.468579001427972, 4.893568472951345, 4.761816455381232, 5.285479096121423, 5.430034001668294, 5.212518881148651, 5.353451810213294, 4.089974085489909, 5.307929091889598, 5.38984161090157, 4.58115719526242, 5.125598527505788, 5.481153058178852, 5.278371398754495, 5.065318516099384, 5.0057118733723955, 5.144281963524418, 5.517228753211291, 5.148924611104155, 4.347002061268182, 5.46717616431383, 5.235880215962728, 5.14651074303521, 5.404831353012397, 4.80604871114095, 5.3288542124778715, 5.531363664767443, 4.719113262893989, 4.848524867301379, 5.576473291684768, 5.140928644970065, 5.116101872860682, 5.083349823253424, 5.2014987459432165, 5.5687095742065535, 5.011214708691709, 4.509713172912598, 5.472947876423473, 5.169364929199219, 5.117084745968355, 5.317509242762128, 4.980954488118489], "test_mse": [4.69781494140625, 6.080620447794597, 6.2536061604817705, 2.5674765904744468, 7.049558003743489, 4.971181233723958, 3.8470433553059897, 6.657937367757161, 4.425967216491699, 3.7329702377319336, 7.255578358968099, 6.294303258260091, 2.00411049524943, 5.006863276163737, 6.326754252115886, 3.3697684605916343, 6.99482790629069, 5.411171595255534, 3.4739513397216797, 6.8086363474528, 4.688309033711751, 3.6422929763793945, 7.099586486816406, 3.728710492451986, 4.830194473266602, 7.438304265340169, 6.394971211751302, 1.81358003616333, 5.285331090291341, 5.803433100382487, 4.300534248352051, 6.461696624755859, 6.028491338094075, 3.684016227722168, 5.714714686075847, 5.412045796712239, 2.9238592783610025, 7.029965718587239, 3.742590586344401, 4.686923344930013, 8.609781901041666, 6.434757232666016, 2.2410847345987954, 4.962733904520671, 6.015874862670898, 3.6800867716471353, 6.208669662475586, 6.556660970052083, 3.446081797281901, 5.644288380940755, 5.772178649902344, 2.8137518564860025, 6.727123260498047, 3.7565043767293296, 5.3840179443359375, 7.456957499186198, 6.264148712158203, 3.027202606201172, 5.014332135518392, 5.616007486979167, 4.454714139302571, 5.120623270670573, 6.98086675008138, 3.707608222961426, 5.73147455851237, 5.67982292175293, 2.828420956929525, 5.8267873128255205, 4.856926282246907], "train_overshoot": [69.19680845365242, 72.3540741891572, 64.48208212051588, 55.429056803385414, 71.37461950478433, 66.9525858561198, 66.30107759127125, 67.40096032376589, 59.86323547363281, 70.68943057515372, 66.20115739871294, 57.84345477026926, 62.50629135082192, 70.57549193746226, 68.86329142252605, 61.349709469453636, 65.66924757349341, 65.18007405598958, 69.70639118349436, 64.4935026314546, 56.340437514639, 71.6698212205318, 65.82859293619792, 68.12958951704114, 62.907605875914406, 62.8260243733724, 69.16489657354693, 68.67853508821563, 62.479782978262506, 59.45338607234938, 66.4059516890858, 70.56810506184895, 64.54461788743818, 66.12633025025528, 51.61854553222656, 69.609090061244, 66.04219977035255, 56.482640897310695, 64.68534033316631, 70.38473669504155, 67.69615438358413, 62.89123044442258, 61.43391418457031, 68.11513367748834, 69.20678506322504, 65.97654916055548, 52.725788772669546, 69.3352801693856, 67.40014139811198, 63.73477525499132, 67.11232671828496, 59.86908467610677, 68.34799626319919, 69.08714875720797, 57.646260039544416, 60.26534624196062, 71.96369073478593, 65.5406850034677, 64.5459586578249, 62.12308040177307, 66.06480460360638, 71.28413388197323, 63.23500169085303, 54.6473642985026, 70.62896373966915, 65.62308756510417, 64.73947600685965, 66.15506329082491, 59.709452311197914], "test_gmm": [0.07658700148264568, 0.07517334818840027, 0.0741315633058548, 0.07369456191857655, 0.07251591980457306, 0.07176885505517323, 0.07033674915631612, 0.06866052250067393, 0.06800437966982524, 0.06697094440460205, 0.06598609189192454, 0.065935085217158, 0.06561887264251709, 0.06450637181599934, 0.0641788790623347, 0.06371435523033142, 0.06205369532108307, 0.06124071776866913, 0.060498093565305076, 0.05878998835881551, 0.058264012138048805, 0.05760087569554647, 0.056687558690706887, 0.055878972013791404, 0.05487332741419474, 0.05380679170290629, 0.05282255510489146, 0.051337242126464844, 0.050103798508644104, 0.049776166677474976, 0.05016648272673289, 0.04910269876321157, 0.048311203718185425, 0.04850126802921295, 0.04702063401540121, 0.04720906416575114, 0.04708548883597056, 0.04574775199095408, 0.04579554498195648, 0.04545427362124125, 0.044695968429247536, 0.04446329176425934, 0.04439798494180044, 0.04342131316661835, 0.04309942821661631, 0.043393860260645546, 0.04267289241154989, 0.04227356115976969, 0.04337634642918905, 0.04174538950125376, 0.04229192932446798, 0.04257082939147949, 0.04162204513947169, 0.04206050435702006, 0.04219066103299459, 0.04202165206273397, 0.0418733557065328, 0.04198197523752848, 0.04132489860057831, 0.0414339154958725, 0.041799445947011314, 0.041406249006589256, 0.0410741517941157, 0.042244931062062584, 0.04075626035531362, 0.041283003985881805, 0.04196456571420034, 0.04100161790847778, 0.04114917665719986], "test_loss": [48.995941162109375, 81.35812377929688, 74.71525065104167, 44.16197713216146, 90.49800618489583, 74.99402364095052, 50.069661458333336, 78.76217142740886, 63.48955790201823, 64.63600158691406, 114.82125854492188, 79.76777648925781, 22.191762288411457, 73.54760233561198, 99.07534790039062, 14.823865254720053, 89.4338887532552, 68.29410298665364, 48.87897745768229, 87.55633544921875, 72.75341796875, 42.754425048828125, 82.46986897786458, 51.3606211344401, 83.50426228841145, 115.44539388020833, 85.42650349934895, 15.851150512695312, 79.52646891276042, 84.50116475423177, 63.3389892578125, 82.79880777994792, 72.16373189290364, 54.21751403808594, 72.25135294596355, 80.01107788085938, 37.184733072916664, 83.44169108072917, 43.532073974609375, 79.20894368489583, 140.12674967447916, 84.79118347167969, 26.488815307617188, 72.3299560546875, 90.49381510416667, 53.95597839355469, 82.48158772786458, 78.83939107259114, 48.6647694905599, 74.45151265462239, 84.24600728352864, 35.782569885253906, 81.09901936848958, 42.2266845703125, 89.53468831380208, 121.01190185546875, 85.18377685546875, 35.3743896484375, 69.18989562988281, 81.29032897949219, 73.73625183105469, 68.40346781412761, 87.0569559733073, 51.23558044433594, 75.07235209147136, 78.10506184895833, 37.266886393229164, 70.60001118977864, 57.4989013671875],