{"test_gmm": [-1.1825381735096807, -1.2884626637334409, -1.2209554921025816, -1.3662913446841032, -1.107022061555282, -0.4477651836326619, -1.2567946392556895, -1.3490801935610564, -1.2863994764245075, -1.3479707137398098, -1.3730708578358526, -1.3137756679369055, -1.2450761877972147, 2.6237466875167343, -1.1455937924592392, -1.238471221923828, -1.2941639775815217, -1.2829267418902852, -1.252862084430197, -0.5749994646038925, -1.2728139130965523, -1.1864373580269192, -1.2111965013586956, -1.3325695535411006, -1.2998275425123131, -1.306241740351138, -1.2549596371858016, -1.1766060207201088, -1.3003510184909985, -1.2627335258152175, -1.2316846764605978], "train_loss": [6.307617342299309, 18.690912194405275, 5.5617312224014945, 8.379208860535552, 8.979341744685518, 21.63439836546287, 8.802021325152854, 6.099658048325691, 18.1561799763724, 8.864897045190784, 6.299505747919497, 18.795345253058606, 6.754084313434103, 8.156754800547724, 8.883955178744552, 21.275744677175123, 8.71241194130718, 6.008237037105837, 18.154981400846722, 8.891098862800046, 6.297161345550979, 18.630970628113936, 5.498097942186439, 8.228099104286969, 8.97452894570171, 21.344053952415013, 8.677393904976222, 6.0762518841287365, 18.14024557789376, 8.943611520960712, 6.491752812482309], "train_gmm": [-1.0618611211362092, -0.9562598041945195, -1.2679775735606318, -1.058474059726881, -1.114004898071289, -0.9439245951673072, -1.12953966665959, -1.1125588624373726, -0.9819120424768335, -1.1363525445910467, -1.1004495427228402, -1.0034379351262457, -1.2817391271176546, -1.0890403388203054, -1.139198281108469, -0.9922861266207689, -1.1501595096311708, -1.1319071451822917, -1.0074343635444094, -1.149930843408557, -1.112706800820171, -1.0167594536995528, -1.3118301889170771, -1.095632096995478, -1.1464656829833983, -1.0010936977364628, -1.1570485101229904, -1.1353055484053018, -1.0132115899012053, -1.1540007218070651, -1.115581186266913], "train_mse": [7.369478408150051, 19.64717247517719, 6.8297088291334065, 9.437682928555253, 10.093346659342448, 22.57832281915245, 9.931560969698257, 7.21221691629161, 19.138091691894974, 10.001249606367471, 7.399955285113791, 19.798783371057574, 8.035823390794837, 9.245795208474863, 10.023153465381567, 22.268031353062362, 9.862571473052537, 7.140144182288128, 19.16241569235036, 10.04102977807971, 7.409868168485337, 19.647730347810175, 6.809928131103516, 9.3237311542898, 10.120994589985282, 22.345147317262708, 9.834442426156306, 7.211557427005491, 19.15345690179828, 10.09761222065359, 7.607334037449049], "test_loss": [1.617818019701087, 11.094744873046874, 4.185068677819293, 3.854132544476053, 9.12364382536515, 94.72594783361284, 5.559153946586277, 3.3406829833984375, 2.9451374551524285, -0.3325829879097317, 4.643295686141304, 5.351172140370244, 6.567100989300272, 405.6123811121816, 6.300206325365149, 3.231465148925781, 2.557901498545771, 6.144163181470788, 8.761018570609714, 91.11293831094663, 6.423469609799592, 13.585342009171196, 10.023914635699729, 5.859660007642663, 6.950518002717391, 6.768284805961277, 9.993472024668819, 15.319582201086957, 11.494159598972486, 6.675820458453635, 6.904337742017663], "test_mse": [2.8003561932107677, 12.383207370923913, 5.406024169921875, 5.220423955502717, 10.230665920091711, 95.1737099846102, 6.815948486328125, 4.689763077445652, 4.231536931576936, 1.0153877341228983, 6.016366510805876, 6.6649479078209914, 7.812177044412364, 402.988616532474, 7.445800117824389, 4.4699363376783285, 3.852065509298573, 7.427089923361073, 10.01388058869735, 91.68794116639255, 7.696283489724864, 14.771778935971467, 11.235111269743546, 7.192229561183764, 8.250345644743547, 8.074526579483695, 11.248431396484374, 16.496188221807063, 12.794510418435802, 7.938554050611413, 8.136022285793139]}