{"test_gmm": [6.668749640969669, -0.3396433080945696, -11.337738037109375, -16.27923838297526, -27.962551341337317, -26.995941162109375, -33.381125057444855, -12.524877057756697, -20.445281982421875, -15.245421438506156, -13.454125797047334, -13.311429110440342, -13.676827225030637, -17.644278893103966, -43.43364836040296, -16.20388297147529, -38.709693908691406, -31.645889282226562, -35.22481994628906, -37.13108102898849, -20.437982177734376, -16.593157599954043, 7.1201324462890625, -9.031173042629076, -10.919195681202169, -11.48126708984375, -8.906486265120968, -32.813224460767664, -32.47087338096217, -44.91454264322917, -27.926332261827255], "test_mse": [1202.1722579656862, 3188.614676339286, 845.43, 2202.4801432291665, 3117.255974264706, 431.2604709201389, 1509.2814797794117, 2138.2671875, 274.8552139945652, 2963.995265151515, 4010.940257352941, 1449.6870561079545, 831.7666207107843, 1500.7086838942307, 1075.550472861842, 2227.3993459302324, 5108.24658203125, 579.2395833333334, 666.94052734375, 3817.96875, 4267.1353125, 3231.406939338235, 14096.4328125, 927.1301517210145, 1741.3863201530612, 1024.17234375, 4576.381552419355, 1346.071586277174, 1465.2367393092106, 259.015478515625, 2240.7727864583335], "test_overshoot": [15881.83088235294, 47199.075892857145, 16870.555, 23449.989583333332, 31717.371323529413, 5623.283854166667, 29376.851102941175, 24100.617857142857, 2007.9626358695652, 36157.507575757576, 39723.283088235294, 15467.907670454546, 10770.769607843138, 4586.9254807692305, 12043.158717105263, 33153.74418604651, 79692.1015625, 10160.099609375, 12607.1265625, 67285.30921052632, 65334.915, 44205.625, 260950.875, 13817.413949275362, 21808.51020408163, 10222.385, 46495.83064516129, 22983.054347826088, 5522.640213815789, 2516.5510416666666, 21047.206597222223], "train_loss": [1530.245094936709, 1657.7337155032467, 1528.7307816537468, 704.2456064356436, 1576.8590861344537, 853.8324284304048, 1477.5946634189547, 1414.0594437652812, 1334.807858649789, 12853.41881443299, 1436.6734018729642, 1292.4406672297298, 707.0936239919355, 1492.324277638191, 839.5639162561577, 1588.8164027653881, 1301.3729367954911, 1325.3828656462586, 5036.45154494382, 1522.6546982020548, 1312.8389606265875, 1142.115537608486, 1502.8875, 842.4717661691542, 1514.4453555045873, 1335.4425163800163, 1441.4246338912135, 2963.5699190647483, 1522.1119546621044, 1455.99203125, 1550.83231420508], "test_loss": [17090.67156862745, 50387.35267857143, 17704.6475, 25636.190104166668, 34806.66544117647, 6027.548611111111, 30852.75, 26226.360714285714, 2262.3726222826085, 39106.257575757576, 43720.768382352944, 16904.282670454544, 11588.859068627451, 6069.989783653846, 13075.275493421053, 35364.938953488374, 84761.640625, 10707.693359375, 13238.8421875, 71066.1447368421, 69581.61, 47420.4375, 275054.425, 14735.51268115942, 23538.977040816328, 11235.07625, 51063.3064516129, 24296.3125, 6955.40625, 2730.6520833333334, 23260.052083333332], "train_mse": [110.50404469936709, 122.13707386363636, 114.35276364664082, 54.63447168935644, 112.51039915966386, 61.80181469027641, 109.58447741364039, 109.22912209657702, 101.22910403481012, 1031.4296069587629, 103.9678720480456, 100.15523384712837, 54.13937279485887, 110.70635730737018, 61.325762007389166, 117.00321281222124, 100.08440267713365, 105.7901686065051, 389.828827247191, 113.28941700556507, 102.88566694009315, 92.99592047372228, 111.1151813271605, 60.76429959577114, 106.91089449541285, 103.3497421427109, 106.91827601987448, 221.8062331384892, 106.6500314103935, 112.58983072916666, 121.09936867944496], "train_overshoot": [1420.1072257383967, 1535.1622869318182, 1414.2054263565892, 649.7422648514852, 1464.964600840336, 792.5005552813426, 1368.8397918511957, 1305.5286776691116, 1234.332911392405, 11826.845360824742, 1333.6025549674266, 1193.2511613175675, 653.5379914314516, 1382.5528161641541, 778.84710591133, 1472.8189674397859, 1202.2317834138487, 1220.6462585034014, 4650.2816011235955, 1410.4583154965753, 1210.9792548687553, 1050.3337150433945, 1392.6891975308642, 782.316355721393, 1408.6122133027523, 1233.0684377559378, 1335.544769874477, 2744.1351169064747, 1416.5628207869975, 1344.4584895833334, 1431.0088193791157], "train_gmm": [-0.3661659466063423, 0.4343971772627397, 0.17259105416231377, -0.13114779632870513, -0.6159065823595063, -0.46991942877359943, -0.8296119007418069, -0.6983664465222595, -0.7541327239088871, -4.85613887826192, -0.8970114245088558, -0.96573510041108, -0.5837567237115675, -0.9348934818951529, -0.6089760164909175, -1.0057909350433485, -0.9432786336459591, -1.053543506025457, -3.658866968047753, -1.0930540529015946, -1.0260024753089279, -1.2141126818459198, -0.9168553481867284, -0.6089216393617848, -1.0777907065295298, -0.975645772948019, -1.038370529877092, -2.3713409643379046, -1.1009008246063676, -1.0562772115071615, -1.2758768392080198]}