{"train_mse": [104.34348958333334, 111.11711774553571, 102.83496514319552, 54.49607827970297, 116.24814863445378, 62.16812685093781, 126.44173148250664, 105.56468711797066, 100.29296875, 1042.8724226804125, 110.95773106677524, 101.78202861064189, 54.82545126638105, 109.77115067525126, 61.70152786330049, 110.17469056645852, 103.89922063707729, 105.64166799532313, 391.77339360955057, 110.51830720248287, 105.62355458827265, 124.25931925024108, 118.68070344650205, 61.32682680348259, 122.06725559059633, 105.79156429156428, 110.21912918410042, 221.8845548561151, 114.04096383126604, 106.27022135416667, 99.09057502351834, 112.61625681627517, 60.77366841133005, 110.0166896869245, 104.68669972712007, 101.94829831178161, 178.72647641184574, 114.10696160635482, 100.38977030996759, 111.21349715099716, 109.08559869260205, 109.0741322786333, 127.47597528594771, 100.19772280810588, 99.91242303911424, 142.09745615256125, 105.26788043478261, 110.18143825301205, 82.70372383549528, 93.68696947988754, 134.72751488095238, 131.62678095379147, 107.98400600570032, 106.2830617371633, 122.10720486111111, 112.02388334064969, 115.70995621980677, 113.4636863425926, 109.62340679585152, 122.02328095876048, 95.72453019425676, 94.51030769641332, 110.16114229368932, 102.67971890072347, 110.9807354840521, 110.06661086309524, 111.81978308150182, 112.8750974821747, 126.01392446493625], "test_mse": [437.54205322265625, 522.9887751436781, 604.6449393656717, 398.8011746852518, 519.1331091772151, 647.216598731884, 514.8551879084968, 389.61192908653845, 558.2441774764151, 1052.628589527027, 6338.329427083333, 546.5655790441176, 595.8226273148148, 398.88446180555553, 570.417578125, 673.3052793560606, 472.030059070122, 357.43907973345586, 601.1204044117648, 1052.9161739864865, 3145.280949519231, 503.48455056179773, 688.9438361220473, 330.41654311131384, 694.9596058238636, 754.6411637931035, 431.38289835164835, 387.9547475961538, 568.4026785714286, 1140.7758582746478, 2133.2763671875, 482.9189989697802, 668.2934835271318, 335.04426125919116, 651.510001717033, 822.325731981982, 435.9464779005525, 302.5888671875, 636.7926593440594, 982.081870719178, 2499.936941964286, 370.4392487281977, 724.2965790719697, 311.68299498175185, 678.9893002717391, 1112.0826480263158, 369.26432966321244, 411.31456473214286, 601.7703200120193, 1008.4369574652778, 1938.3826497395833, 463.8158922697368, 681.8229375, 326.62117745535716, 560.4415200242719, 1199.862215909091, 397.8238457914573, 363.34119791666666, 587.8884253640776, 1004.96484375, 1792.0834375, 432.2421875, 652.402839781746, 321.7664284131206, 703.4012632978723, 952.9724589646464, 410.7399850398936, 427.9207658179012, 596.7104215801887], "train_loss": [1427.275, 1572.6752739448052, 1392.485465116279, 702.8584777227722, 1563.4431197478991, 845.75, 1823.9731510186004, 1389.4509983700082, 1310.059282700422, 12667.664948453608, 1529.2965187296418, 1390.78125, 711.6505166330645, 1443.807736599665, 838.7895935960591, 1525.0948929527208, 1337.2279086151368, 1298.2062074829932, 5014.858848314607, 1503.4318279109589, 1376.97650296359, 1655.922492767599, 1612.7357510288066, 843.4373134328358, 1743.0497133027523, 1392.8622542997543, 1380.369769874477, 2962.4449190647483, 1598.623396065013, 1351.9930729166667, 1415.031103010348, 1547.7544043624162, 834.854802955665, 1517.2170810313075, 1412.962479009236, 1349.5351498357963, 2354.6251721763088, 1635.9077669902913, 1268.7214850081036, 1365.6121201329536, 1435.7433035714287, 987.262542107796, 1840.471288515406, 1349.2113316790735, 1246.8339714403974, 1803.6422605790647, 1458.2140760869565, 1457.9751004016064, 902.60703125, 1196.9407980103806, 1971.268869047619, 1742.5311611374407, 1514.7946355863191, 1333.7559974747476, 1558.2398148148147, 1515.7495610184371, 1554.5760869565217, 1493.3513310185185, 1439.5769104803494, 1697.6522017707362, 1475.0444015444016, 1204.3922395388556, 1441.9092334142395, 1279.23211414791, 1536.8008198562443, 1417.5255456349207, 1538.7368933150183, 1566.8641934046345, 1548.0701844262296], "train_overshoot": [1323.3660864978904, 1462.0450487012988, 1290.184862187769, 648.6631188118812, 1447.6763655462184, 783.9019002961501, 1697.9906443755535, 1284.3497351263243, 1210.3083333333334, 11627.619845360825, 1418.8553542345278, 1289.5375316722973, 657.1435231854839, 1334.5362227805695, 777.4153325123152, 1415.4702832292596, 1233.7928240740741, 1193.1357355442176, 4625.04213483146, 1393.4459546232877, 1271.8993966977139, 1532.2959860173578, 1494.5180555555555, 782.4448383084577, 1621.5611811926606, 1287.547757985258, 1270.68179916318, 2741.7704586330933, 1485.1207763045338, 1246.24421875, 1316.5446260583255, 1435.6131501677853, 774.4135467980295, 1407.837764732965, 1308.7582388748951, 1248.1148912151068, 2176.8254132231405, 1522.3644086496029, 1168.8680611831442, 1255.0381054131053, 1327.1485969387754, 878.9026106833494, 1713.610002334267, 1249.4965363937138, 1147.421098923841, 1662.3041481069042, 1353.4866847826088, 1348.2841365461848, 820.5734817216982, 1103.7844939446368, 1837.0588095238095, 1611.5157582938389, 1407.2992162052117, 1227.9921085858587, 1436.771412037037, 1404.2737050043897, 1439.338768115942, 1380.5059606481482, 1330.475327510917, 1576.2614165890027, 1379.9249517374517, 1110.3886635354397, 1332.2533373786407, 1177.0923432475884, 1426.3424303683737, 1307.951140873016, 1427.5684523809523, 1454.4953765597147, 1422.6384335154828], "test_loss": [6306.90234375, 6621.869252873563, 7050.933768656716, 5441.104766187051, 9338.805379746835, 10157.407608695652, 6307.579248366013, 4143.297596153846, 8049.268278301887, 16086.06418918919, 24764.163194444445, 6949.713235294118, 6954.343981481482, 5599.735648148148, 9560.72109375, 10541.751893939394, 5877.298018292683, 3779.340533088235, 8658.161151960785, 16099.25, 12994.1875, 5781.127457865168, 7896.492125984252, 4432.855839416058, 11740.95596590909, 11534.210129310344, 5655.151785714285, 4108.2875, 8185.080952380952, 17456.563380281692, 9172.478515625, 5549.777472527472, 7663.5053294573645, 4496.824908088235, 11016.081043956045, 12568.416666666666, 5711.912638121547, 2388.9223345588234, 9442.022896039603, 14057.892123287671, 36121.056547619046, 4624.063590116279, 8343.182765151516, 3965.734489051095, 11799.77445652174, 17032.223684210527, 4721.692357512953, 4717.629464285715, 8914.311298076924, 14448.658854166666, 27887.265625, 5811.156661184211, 8029.3555, 3710.366294642857, 9217.623786407767, 19314.120738636364, 5167.624685929648, 4154.151666666667, 8435.29186893204, 14927.003378378378, 25770.23, 5420.119462025316, 7805.480654761905, 3534.036569148936, 11487.768617021276, 15301.337121212122, 5493.568484042553, 4878.37962962963, 8145.304834905661],