{"test_loss": [1.3211923306988131, 1.2986222767060802, 1.3002766916828772, 1.3238122609353835, 1.3395193607576432, 1.2584286712831068, 1.2792499119235623, 1.353484950527068, 1.312581217673517, 1.3377429954467281, 1.3152608271568051, 1.2784985742261332, 1.3173808743876796, 1.355001276539218, 1.3032277337966427, 1.275790073025611, 1.3170101058098578, 1.2714182192279446, 1.2710930339751705, 1.2765250082938902, 1.2614141533451695, 1.3302472129944831, 1.2521648183945686, 1.339363504225208, 1.2444163030193698, 1.3213764690583751, 1.3025445984255883, 1.2593599027202975, 1.3106855684711087, 1.325449272124998], "train_loss": [1.343692007116092, 1.2867103366441623, 1.2840385044774703, 1.3027934194892965, 1.3081608772277833, 1.251944624736745, 1.265723172567224, 1.2718612063315606, 1.2781159413758145, 1.2634961138489427, 1.2672671005290042, 1.2558574920059533, 1.278203119513809, 1.264135390712369, 1.272910624422053, 1.2424606651388188, 1.2535287544291507, 1.2781044301166329, 1.2691096562211233, 1.2358296743003272, 1.2508872814075922, 1.2647625556556128, 1.2485662970491636, 1.2517580132330617, 1.257143711018306, 1.2523464500263173, 1.2259077936090448, 1.254483373703495, 1.238247343545319, 1.2452185005270024]}