{"train_loss": [1.1366135281901206, 1.1117939300434563, 1.1160424086355394, 1.1221599217384093, 1.1140453605241674, 1.0896336152989377, 1.0955593327040314, 1.0833238578611804, 1.1015888721712175, 1.0984301751659762, 1.097534474249809, 1.102174751989303, 1.1081879459401613, 1.0808805155497725, 1.0745441798240907, 1.1078806002934773, 1.0913551256220828, 1.1073704822089083, 1.091335561454937, 1.0826505189300866, 1.0761983784296179, 1.0729449984847859, 1.1020936137886457, 1.0890431593823175, 1.0958324509282267, 1.1035744602962207, 1.0983164310455322, 1.0864204493902063, 1.070591470503038, 1.0988015600430068, 1.1045186727277694, 1.1028342939192248, 1.0825455527151784, 1.079205418914877], "test_loss": [1.1342434756217463, 1.107663203439405, 1.1616683213941512, 1.1394211676812942, 1.1165348825916168, 1.1266994345572687, 1.093000651559522, 1.12241582908938, 1.0943386793136596, 1.115396333894422, 1.1504379618552423, 1.1229015346496336, 1.1270417398022068, 1.10622135016226, 1.0988900569177442, 1.1371243946013911, 1.1218385907911486, 1.121274321694528, 1.1272374983756772, 1.0935072095163407, 1.103690617699777, 1.1095864715114716, 1.1250242379403883, 1.120624896403282, 1.115299646316036, 1.1273983336264086, 1.1433302517860167, 1.112816172645938, 1.1023048066323804, 1.1041754699522448, 1.1305194754754344, 1.0962464136462058, 1.0984042786782788, 1.1251257542640931]}