{"train_loss": [-1169.029248027954, -1651.9216782226563, 1103062043.763712, -1806.5297563476563, -1642.0372760253906, -1786.8560721842448, -1631.7257784863282, -1845.5316130371093, -1784.0309198657226, -1765.7321219726562, -1818.3651413574219, -2034.7638118489583, -1985.8866696435548, -2056.607405831473, -1991.646079831543, -2065.2660268554687, -2012.9917210205078, -2036.0665188395183, -1988.235511826172, -2073.1221063476564, -1941.4908560058593, -2035.0146625754617], "test_loss": [-1446.8305114990235, -1488.9399000830078, -1568.6182494628906, -1082.2964578955077, -1666.8356678222656, -1312.5422441870116, -1593.3417918945313, -1450.6321698291015, -1373.7853475732422, -1097.1230445092774, -1591.7983635742187, -613.6440394775391, -229.7481646142578, -431.4858047314453, -1418.4708659570313, -543.0620545996094, -1708.2026102929688, -45.29220039550781, -1098.5525835791016, -1020.0595333886719, -1524.3901635253906, 850.0081343920898]}