{"train_loss": [-1493.1336466638184, -1544.4100170898437], "test_loss": [-1222.023850053711, -697.3694786791992]}