{"test_loss": [-1199.3900726904296, -1083.018189794922, -1414.775562939453, -1178.5231798925781, -1484.7923299316406, -1459.5890515722656, -1151.5212621777343, -1069.5031884960938, -1517.2030239160156, 295.0063609765625, -1427.6194955078124], "train_loss": [630.2701064633179, -1292.4704853515625, -1295.3459538171387, -1602.8435185546875, -1400.706155270996, -1623.9948595377605, -1420.8024204211426, -1507.4891748046875, -1477.1121235473634, -1625.6390674316406, -1463.5726447827149]}