{"train_loss": [-1169.029248027954, -1651.9216782226563, 1103062043.763712, -1806.5297563476563, -1642.0372760253906, -1786.8560721842448, -1631.7257784863282, -1845.5316130371093, -1784.0309198657226, -1765.7321219726562, -1818.3651413574219, -2034.7638118489583, -1985.8866696435548, -2056.607405831473, -1991.646079831543, -2065.2660268554687, -2012.9917210205078, -2036.0665188395183, -1988.235511826172, -2073.1221063476564, -1941.4908560058593, -2035.0146625754617, -1921.3951430297852, -2132.1895807495116, -2060.016379222412, -2083.924596379207, -2045.9827207617188, -2063.826948311942, -1670.8751380175781, 101662.49370045573, -1944.400778959961, -1924.730745941162, 342.6188105078125, -788.0262251838235, -1756.68366078125, -1678.398338663737, -1768.073819013672, 59000.971964387594, -1991.4243390527345, 974.871871899414, 414.4530470019531, -950.8350770205543, 219891.69794235352, 12961.963170365767, 12597.468597285157, -2016.2472135275136, 23410.109965947264, 92595.9730633138, 41321.76198176758, 4970.679845810547, -2240.596084921875, 27800.34441696289, -1594.285556640625, 64961.04492271484, -2638.557710205078, 97255.45377313477, -2617.3626884765627], "test_loss": [-1446.8305114990235, -1488.9399000830078, -1568.6182494628906, -1082.2964578955077, -1666.8356678222656, -1312.5422441870116, -1593.3417918945313, -1450.6321698291015, -1373.7853475732422, -1097.1230445092774, -1591.7983635742187, -613.6440394775391, -229.7481646142578, -431.4858047314453, -1418.4708659570313, -543.0620545996094, -1708.2026102929688, -45.29220039550781, -1098.5525835791016, -1020.0595333886719, -1524.3901635253906, 850.0081343920898, 1438.7982862646484, 635.6451745605468, 7148.175266088867, -1711.404585234375, -1231.6141463867189, 14376.343619970703, -1518.9287911767578, -1230.624345913086, -1011.2925759912109, 72180.05748045899, -1687.4726355615235, 16349.325943276368, 119.85163709960938, -1483.466447939453, 858831.8510043018, 143601.7489780615, 352.2425151660156, 580667.3979506738, 11763667.709998706, 34473.525907817384, 783092882.3692462, 1071543051651.4701, 42893.04157756836, 6157256.6094227685, 778986708936247.8, 534400.0876787403, 60930131.06834807, 2.198783940546345e+26, 2286095.459528213, 918878292.1324406, 1.8168216237874676e+21, 4714518.101622842, 1082716902.4625418, 1.2125479787384861e+25, 12109068.427032158]}