{"test_loss": [-1794.720630859375, -1767.95537890625, -1703.755830078125, -1145.721806640625], "train_loss": [-1576.666595703125, -1448.2930078125, -1824.751669921875, -849.9760727539062]}