{"test_loss": [-2499.280691964286, -3301.9132179054054, -2276.6338641826924, -2468.415760869565, -2218.745628720238, -2633.9586018041236, -2271.6192616150443, -2020.966517857143, -2134.9296875, -2062.136265120968, -2334.685684742647, -2190.024632855191, -2430.748852287371, -2234.141826923077, -2119.627568975225, -2314.1334717827003, -2177.851996527778, -2324.7390889332705, -2066.7584924274743, 42277.23439964511, -1839.698926366018, -1636.418515625, -1805.7262360724235, -1782.0562789351852, -1907.5750558035713, -1672.424715909091, -1771.7612641033254, -1386.1788774481568, -1441.599347267316, -1497.1770354038854, -1352.0282914201184, -1419.210997251434, -1421.6985677083333], "train_loss": [-1694.6264540589625, -1755.4371750318337, -1781.0136891033887, -1846.924097652983, -1882.9379313438603, -1869.8300986608413, -1891.4933351903676, -1878.3514783418439, -2008.7610841606497, -1940.5310421633153, -1955.6500221833708, -2030.9475629526307, -2064.2378678902114, -2082.2355954876434, -2022.8626051896526, -2113.4220342192234, -2098.241236694199, -2151.0074712476767, -2102.323978931055, -2037.5817060953318, -2096.127493254084, -2143.364430401662, -2168.461397397831, -2103.1293214503735, -2172.264203562033, -2133.7641598839236, -2227.483559198403, -2189.6444368855337, -2164.2799289931527, -2191.6555991469863, -2201.0091995018115, -2235.654214203042, -2210.5539564137634]}