{"train_loss": [-1169.029248027954, -1651.9216782226563, 1103062043.763712, -1806.5297563476563, -1642.0372760253906], "test_loss": [-1446.8305114990235, -1488.9399000830078, -1568.6182494628906, -1082.2964578955077, -1666.8356678222656]}