{"test_loss": [21.39790286254883, 24.610377542114257, 26.68181181945801, 25.972118014526366, 22.625327828979493, 23.98195194091797, 23.68519165649414, 22.734679959106444, 23.312147122192382, 23.638205963134766, 25.198336779785155, 24.35098850402832, 23.315287322998046, 24.15652926940918], "train_loss": [22.37608844909668, 23.371796792602538, 21.941133532714844, 20.623032818603516, 21.999357495117188, 21.540316131591798, 20.022910705566407, 20.87439352416992, 22.271507873535157, 21.982010260009766, 22.53780075683594, 24.30897358703613, 21.99286255187988, 20.325260647583008]}