{"test_loss": [29.573090188293456, 32.51758139465332, 26.276025457458495, 27.937199079589845, 25.152527839050293, 26.916371596984863, 25.24121174468994, 26.752518204956054, 23.61987571746826, 25.211878249816895, 23.966738829956054, 24.049742122192384, 24.390951266174316, 24.744646481933593, 22.91055112854004, 24.40000607208252, 23.785443984375, 23.376050797424316, 23.268518516845702, 23.951565288085938, 23.87176220703125, 22.974607267303465, 21.949505476226808, 21.603356339874267, 22.63636645019531, 22.166782668762206, 21.24025225845337, 22.057080308532715], "train_loss": [33.38585972045898, 25.753987815856934, 25.635102451171875, 24.327773624420168, 24.053557835998536, 22.45788087463379, 23.0105644241333, 22.53074881362915, 22.380441394958495, 22.995650344848634, 21.863310040283203, 21.55797452545166, 21.77540282119751, 20.9582929082598, 21.527294483337403, 20.54157194042206, 21.163528403778077, 20.31121301735772, 21.041451179046632, 20.247554125595094, 20.792458172912596, 19.310436074343595, 19.488210534210204, 18.84404748694102, 19.466464878845215, 18.684530374673695, 19.287674548187255, 18.754207461493355]}